"","state","district","last_name","first_name","party","url","phone","state.y","state_code","district.y","total_hh","hh_qualify","enrollments","total_support","percent_eligible","HHEoE"
"1","AK","00","Peltola","Mary","Democrat","https://peltola.house.gov","202-225-5765","Alaska","02","0200",264376,101493,23498,22839860.875,38.3896420249947,23.1523356290582
"2","AS","00","Radewagen","Aumua Amata","Republican","https://radewagen.house.gov","202-225-8577",NA,NA,NA,NA,NA,NA,NA,NA,NA
"3","DC","98","Norton","Eleanor","Democrat","https://norton.house.gov","202-225-8050","District of Columbia","11","1198",315785,111910,63761,36075999.75,35.4386687144735,56.9752479671164
"4","DE","00","Blunt Rochester","Lisa","Democrat","https://bluntrochester.house.gov","202-225-4165","Delaware","10","1000",389000,151873,52346.9569830386,26095876.8125,39.0419023136247,34.4675860640394
"5","GU","00","Moylan","James (Jim)","Republican","https://moylan.house.gov/","202-225-1188",NA,NA,NA,NA,NA,NA,NA,NA,NA
"6","MP","00","Sablan","Gregorio","Democrat","https://sablan.house.gov","202-225-2646",NA,NA,NA,NA,NA,NA,NA,NA,NA
"7","ND","00","Armstrong","Kelly","Republican","https://armstrong.house.gov","202-225-2611","North Dakota","38","3800",320038,113307,17732.323612227,8887602.938,35.4042332473019,15.6498041711695
"8","PR","98","González-Colón","Jenniffer","Republican","https://gonzalez-colon.house.gov","202-225-2615","Puerto Rico","72","7298",1219658,841877,656514,427142256,69.0256612919359,77.9821755434583
"9","SD","00","Johnson","Dusty","Republican","https://dustyjohnson.house.gov","202-225-2801","South Dakota","46","4600",351182,127313,24158.6339007963,15384552.9219,36.2527122688521,18.9757793004613
"10","VI","00","Plaskett","Stacey","Democrat","https://plaskett.house.gov","202-225-1790",NA,NA,NA,NA,NA,NA,NA,NA,NA
"11","VT","00","Balint","Becca","Democrat","https://balint.house.gov/","202-225-4115","Vermont","50","5000",265858,115002,25780,13088158.6565,43.2569266300055,22.4170014434532
"12","WY","00","Hageman","Harriet","Republican","https://hageman.house.gov/","202-225-2311","Wyoming","56","5600",234156,84249,21711.9866599213,10984669.0005,35.9798595807923,25.7712099371165
"13","AL","01","Carl","Jerry","Republican","https://carl.house.gov","202-225-4931","Alabama","01","0101",276035,129243.921825164,48501.328963658,26817089.3125,46.821570389684,37.5269709234517
"14","AR","01","Crawford","Eric","Republican","https://crawford.house.gov","202-225-4076","Arkansas","05","0501",290692,173371.198082548,59759.0909509692,33192267.1885,59.6408563299121,34.4688688847359
"15","AZ","01","Schweikert","David","Republican","https://schweikert.house.gov","202-225-2190","Arizona","04","0401",351789,118295.556752765,42676.5420472651,19564487.0002,33.6268492627014,36.0762003398472
"16","CA","01","LaMalfa","Doug","Republican","https://lamalfa.house.gov","202-225-3076","California","06","0601",283379,179327.553528858,60165.387743478,31438784.8755,63.2818781662923,33.5505540334024
"17","CO","01","DeGette","Diana","Democrat","https://degette.house.gov","202-225-4431","Colorado","08","0801",326048,131066.59901161,46405.7573335467,23858477.3125,40.1985594181254,35.4062420811241
"18","CT","01","Larson","John","Democrat","https://larson.house.gov","202-225-2265","Connecticut","09","0901",292362,124597.270560191,49764.5313263146,28002428.6875,42.6174641575139,39.9403061580505
"19","FL","01","Gaetz","Matt","Republican","https://gaetz.house.gov","202-225-4136","Florida","12","1201",300098,119128.498386876,56626.1466945029,28961416.876,39.6965319285285,47.5336694924222
"20","GA","01","Carter","Earl","Republican","https://buddycarter.house.gov","202-225-5831","Georgia","13","1301",289480,140991.820938603,50437.2632312954,28162393.001,48.7052027561845,35.7731837886249
"21","HI","01","Case","Ed","Democrat","https://case.house.gov","202-225-2726","Hawaii","15","1501",249709,94774.6697359724,27190.1502834845,13569695.2815,37.9540464044037,28.6892588064216
"22","IA","01","Miller-Meeks","Mariannette","Republican","https://millermeeks.house.gov","202-225-6576","Iowa","19","1901",322221,133230.942142948,32557.7436846827,17805657.0315,41.3476906045691,24.4370738215979
"23","ID","01","Fulcher","Russ","Republican","https://fulcher.house.gov","202-225-6611","Idaho","16","1601",340673,136940.216576855,28714.0058888581,13864805.1878,40.1969679360723,20.9682784258946
"24","IL","01","Jackson","Jonathan","Democrat","https://jonathanjackson.house.gov/","202-225-4372","Illinois","17","1701",295506,152441.393893736,80764.6277628333,44583583,51.5865647038421,52.9807722823192
"25","IN","01","Mrvan","Frank","Democrat","https://mrvan.house.gov","202-225-2461","Indiana","18","1801",291940,122606.290344452,45373.8864757707,23728639.875,41.9970851354568,37.007796539881
"26","KS","01","Mann","Tracey","Republican","https://mann.house.gov","202-225-2715","Kansas","20","2001",290320,127692.876280647,27909.5240156073,13755409.094,43.9834927943809,21.8567588330198
"27","KY","01","Comer","James","Republican","https://comer.house.gov","202-225-3115","Kentucky","21","2101",294051,156713.53068086,67470.7917703891,37034963.2505,53.2946770053017,43.0535841271998
"28","LA","01","Scalise","Steve","Republican","https://scalise.house.gov","202-225-3015","Louisiana","22","2201",301725,121697.936849566,72853.5867914116,35867009.125,40.33405811569,59.864274347944
"29","MA","01","Neal","Richard","Democrat","https://neal.house.gov","202-225-5601","Massachusetts","25","2501",315955,170552.236728437,72240.5990348369,42089456.938,53.9799138258412,42.3568757704789
"30","MD","01","Harris","Andy","Republican","https://harris.house.gov","202-225-5311","Maryland","24","2401",299027,105827.205847417,35081.1006396921,17828953.0627,35.3905185309077,33.1494159358911
"31","ME","01","Pingree","Chellie","Democrat","https://pingree.house.gov","202-225-6116","Maine","23","2301",289515,95141.8165536296,36759.2339744513,18831440.1257,32.8624826187346,38.6362540741808
"32","MI","01","Bergman","Jack","Republican","https://bergman.house.gov","202-225-4735","Michigan","26","2601",330864,160327.666560918,66595.5975417108,36458334.3125,48.4572714350662,41.5371838000321
"33","MN","01","Finstad","Brad","Republican","","202-225-2472","Minnesota","27","2701",286310,115660.423023905,34855.844665324,18190149.2198,40.3969204791676,30.1363627713172
"34","MO","01","Bush","Cori","Democrat","https://bush.house.gov","202-225-2406","Missouri","29","2901",337820,164984.730356687,103234.761908064,55647377.125,48.8380588350857,62.5723130164086
"35","MS","01","Kelly","Trent","Republican","https://trentkelly.house.gov","202-225-4306","Mississippi","28","2801",280956,152475.45423721,47653.8362117257,26415498.126,54.2702253154265,31.2534476123544
"36","MT","01","Zinke","Ryan","Republican","https://zinke.house.gov","202-225-5628","Montana","30","3001",223381,99102.8140896031,26137.0458674493,14122149.3127,44.3649254366321,26.3736666890384
"37","NC","01","Davis","Donald","Democrat","https://dondavis.house.gov/","202-225-3101","North Carolina","37","3701",301648,168869.181393542,81091.5435045052,47407261.875,55.9821982554307,48.0203331568981
"38","NE","01","Flood","Mike","Republican","","202-225-4806","Nebraska","31","3101",257850,88641.2335697104,31403.3209391667,16611498.2814,34.3770539343457,35.427441242083
"39","NH","01","Pappas","Chris","Democrat","https://pappas.house.gov","202-225-5456","New Hampshire","33","3301",275024,85246.7339878497,18360.2631397834,9571038.3597,30.996107244404,21.537790694011
"40","NJ","01","Norcross","Donald","Democrat","https://norcross.house.gov","202-225-6501","New Jersey","34","3401",292985,120679.757280152,36608.7139648394,18448506.2194,41.1897391607598,30.3354222695809
"41","NM","01","Stansbury","Melanie","Democrat","https://stansbury.house.gov","202-225-6316","New Mexico","35","3501",299545,140994.974004967,48591.9627479501,28595885.3125,47.0697137341524,34.4636133953529
"42","NV","01","Titus","Dina","Democrat","https://titus.house.gov","202-225-5965","Nevada","32","3201",284182,150420.69922885,90109.8076673867,49057033.375,52.9311142960672,59.9051913262908
"43","NY","01","LaLota","Nicolas","Republican","https://lalota.house.gov/","202-225-3826","New York","36","3601",272698,71849.6939561811,14206.2096199248,5987190.4458,26.3477157720926,19.7721226601031
"44","OH","01","Landsman","Greg","Democrat","https://landsman.house.gov/","202-225-2216","Ohio","39","3901",323479,131795.530188223,75838.0617794862,43838999.625,40.743148763358,57.54221077997
"45","OK","01","Hern","Kevin","Republican","https://hern.house.gov","202-225-2211","Oklahoma","40","4001",309338,128930.236785345,87510.0552353167,92176349.625,41.6794046594164,67.8739583647948
"46","OR","01","Bonamici","Suzanne","Democrat","https://bonamici.house.gov","202-225-0855","Oregon","41","4101",291827,103433.318019459,30513.2431721466,14868820.5628,35.4433681665711,29.5004006024499
"47","PA","01","Fitzpatrick","Brian","Republican","https://fitzpatrick.house.gov","202-225-4276","Pennsylvania","42","4201",290717,81242.1389204598,18390.5190054068,8692912.8598,27.9454379759215,22.6366750676173
"48","RI","01","Cicilline","David","Democrat","https://cicilline.house.gov","202-225-4911","Rhode Island","44","4401",215411,101510.554329214,45948.3169007529,23045297.6563,47.124127518657,45.2645709644492
"49","SC","01","Mace","Nancy","Republican","https://mace.house.gov","202-225-3176","South Carolina","45","4501",288212,85532.073222549,22523.4472544465,13135508.9066,29.6767911199218,26.3333348600611
"50","TN","01","Harshbarger","Diana","Republican","https://harshbarger.house.gov","202-225-6356","Tennessee","47","4701",312758,168710.202590121,64874.5297694045,37881090.1255,53.9427297111893,38.4532344656215
"51","TX","01","Moran","Nathaniel","Republican","https://moran.house.gov/","202-225-3035","Texas","48","4801",279372,146754.802283975,35598.5089911558,19187358.7198,52.5302472273437,24.2571339657231
"52","UT","01","Moore","Blake","Republican","https://blakemoore.house.gov","202-225-0453","Utah","49","4901",273657,95422.5302270717,19224.7692730332,9889079.5474,34.8693913282217,20.1469917296105
"53","VA","01","Wittman","Robert","Republican","https://wittman.house.gov","202-225-4261","Virginia","51","5101",300864,92539.3748837209,27528.5496059472,12820795.2347,30.7578756128087,29.7479312352583
"54","WA","01","DelBene","Suzan","Democrat","https://delbene.house.gov","202-225-6311","Washington","53","5301",292869,79798.3459210097,12819.225302444,7864854.7504,27.2471125045702,16.0645250906998
"55","WI","01","Steil","Bryan","Republican","https://steil.house.gov","202-225-3031","Wisconsin","55","5501",297249,105287.260023867,59346.8914859352,32864141.6255,35.4205598753458,56.3666406291534
"56","WV","01","Miller","Carol","Republican","https://miller.house.gov","202-225-3452","West Virginia","54","5401",357812,197541.967418737,71894.7880627143,40889319.625,55.2083125827914,36.3946907090968
"57","AL","02","Moore","Barry","Republican","https://barrymoore.house.gov","202-225-2901","Alabama","01","0102",274258,131428.997529073,74730.2990598638,40599582,47.9216641006181,56.8598258107636
"58","AR","02","Hill","J.","Republican","https://hill.house.gov","202-225-2506","Arkansas","05","0502",305802,146819.354436139,44819.2412972471,25274023.375,48.0112472894681,30.5267936025027
"59","AZ","02","Crane","Eli","Republican","https://crane.house.gov/","202-225-3361","Arizona","04","0402",299547,163439.365442774,41724.144888304,67259798,54.5621773687516,25.5288221263396
"60","CA","02","Huffman","Jared","Democrat","https://huffman.house.gov","202-225-5161","California","06","0602",297718,119182.375536975,27834.4065804501,13265367.9378,40.031968351586,23.3544653351995
"61","CO","02","Neguse","Joe","Democrat","https://neguse.house.gov","202-225-2161","Colorado","08","0802",290763,106384.16328269,16919.9118056405,8643246.6882,36.5879301295866,15.9045400025189
"62","CT","02","Courtney","Joe","Democrat","https://courtney.house.gov","202-225-2076","Connecticut","09","0902",285998,100825.658792935,31855.4954411856,17419320.9376,35.2539733819591,31.5946315873888
"63","FL","02","Dunn","Neal","Republican","https://dunn.house.gov","202-225-5235","Florida","12","1202",302164,157747.654146127,52475.7357273231,29385296.0625,52.2059723018383,33.2656203424193
"64","GA","02","Bishop","Sanford","Democrat","https://bishop.house.gov","202-225-3631","Georgia","13","1302",285268,164871.20328155,95729.1543987219,59057878.875,57.7951972466419,58.062992501635
"65","HI","02","Tokuda","Jill","Democrat","https://tokuda.house.gov/","202-225-4906","Hawaii","15","1502",234197,113380.552217979,33253.8497165155,16517739.9699,48.412469936839,29.3294123780449
"66","IA","02","Hinson","Ashley","Republican","https://hinson.house.gov","202-225-2911","Iowa","19","1902",327250,130934.661871883,30334.8147023098,15882811.7817,40.010591863066,23.1679024244869
"67","ID","02","Simpson","Michael","Republican","https://simpson.house.gov","202-225-5531","Idaho","16","1602",334650,146162.783423145,25169.0651745768,12046099.1567,43.6763135882697,17.2198863384476
"68","IL","02","Kelly","Robin","Democrat","https://robinkelly.house.gov","202-225-0773","Illinois","17","1702",293157,159298.858099594,81239.0102519369,41546531.6255,54.3390941030213,50.9978610148894
"69","IN","02","Yakym","Rudy","Republican","","202-225-3915","Indiana","18","1802",282545,143694.033428968,37942.263334078,19685946.1569,50.8570434546596,26.404898261022
"70","KS","02","LaTurner","Jacob","Republican","https://laturner.house.gov","202-225-6601","Kansas","20","2002",285337,130165.609639642,42972.9965394377,21862229.1251,45.618202209893,33.0140938596658
"71","KY","02","Guthrie","Brett","Republican","https://guthrie.house.gov","202-225-3501","Kentucky","21","2102",288615,131436.051520367,65251.2247549459,35172616.3125,45.5402704365215,49.6448455352716
"72","LA","02","Carter","Troy","Democrat","https://troycarter.house.gov","202-225-6636","Louisiana","22","2202",297804,189428.576125682,128842.734361006,75418409.25,63.6084727289366,68.016524748368
"73","MA","02","McGovern","James","Democrat","https://mcgovern.house.gov","202-225-6101","Massachusetts","25","2502",296032,123527.495080047,51958.5099232359,28952350.75,41.7277507431788,42.0623035297252
"74","MD","02","Ruppersberger","C.","Democrat","https://ruppersberger.house.gov","202-225-3061","Maryland","24","2402",297938,88760.2944395261,34762.3439753836,15653999.3128,29.7915319427284,39.1642954711781
"75","ME","02","Golden","Jared","Democrat","https://golden.house.gov","202-225-6306","Maine","23","2302",290657,144808.18344637,61805.3892813626,31568288.938,49.8209860579206,42.6808677592812
"76","MI","02","Moolenaar","John","Republican","https://moolenaar.house.gov","202-225-3561","Michigan","26","2602",294011,130621.163917524,72392.1890007474,33786376.5005,44.4273050727775,55.4214851786629
"77","MN","02","Craig","Angie","Democrat","https://craig.house.gov","202-225-2271","Minnesota","27","2702",266052,76089.241573461,19976.8799918536,9863622.8442,28.599387177492,26.2545395101182
"78","MO","02","Wagner","Ann","Republican","https://wagner.house.gov","202-225-1621","Missouri","29","2902",306166,71896.594830249,27220.4233820334,12842939.641,23.4828801467991,37.8605182155038
"79","MS","02","Thompson","Bennie","Democrat","https://benniethompson.house.gov","202-225-5876","Mississippi","28","2802",277475,182498.791387432,86287.1593437873,55814255.875,65.7712555680446,47.2809483765873
"80","MT","02","Rosendale","Matthew","Republican","https://rosendale.house.gov","202-225-3211","Montana","30","3002",220536,93713.1859103969,28340.4509956808,15479505.8753,42.4933733768622,30.2416898116966
"81","NC","02","Ross","Deborah","Democrat","https://ross.house.gov","202-225-3032","North Carolina","37","3702",290946,74139.6179707323,33282.6281037801,17884568.4689,25.4822606156236,44.8918257400772
"82","NE","02","Bacon","Don","Republican","https://bacon.house.gov","202-225-4155","Nebraska","31","3102",256308,87259.6753692088,37043.5494202236,18723102.2507,34.044850480363,42.4520825495703
"83","NH","02","Kuster","Ann","Democrat","https://kuster.house.gov","202-225-5206","New Hampshire","33","3302",270092,90834.2660121503,20459.1136044026,10584239.094,33.6308613406359,22.5235635213543
"84","NJ","02","Van Drew","Jefferson","Republican","https://vandrew.house.gov","202-225-6572","New Jersey","34","3402",299190,113703.979399213,36599.342183868,18738186.8762,38.0039370965651,32.188268499705
"85","NM","02","Vasquez","Gabriel (Gabe)","Democrat","https://vasquez.house.gov/","202-225-2365","New Mexico","35","3502",251291,165817.244054202,70403.6505006531,45222538.625,65.986145168033,42.4585819781444
"86","NV","02","Amodei","Mark","Republican","https://amodei.house.gov","202-225-6155","Nevada","32","3202",305375,102816.801045758,52772.0930372804,28152212.3755,33.669030223744,51.3263323703237
"87","NY","02","Garbarino","Andrew","Republican","https://garbarino.house.gov","202-225-7896","New York","36","3602",247052,72578.1010661603,28527.0683625677,12402203.3284,29.3776618145817,39.305338584931
"88","OH","02","Wenstrup","Brad","Republican","https://wenstrup.house.gov","202-225-3164","Ohio","39","3902",304076,142688.248424712,79117.6712903296,43536223.813,46.9251925257869,55.4479238225952
"89","OK","02","Brecheen","Josh","Republican","https://brecheen.house.gov/","202-225-2701","Oklahoma","40","4002",302082,173642.593607478,77463.8151866127,81026270,57.4819398731066,44.6110678130742
"90","OR","02","Bentz","Cliff","Republican","https://bentz.house.gov","202-225-6730","Oregon","41","4102",277579,154589.318798831,60543.3749175963,28636328.625,55.6920079684815,39.1640091230249
"91","PA","02","Boyle","Brendan","Democrat","https://boyle.house.gov","202-225-6111","Pennsylvania","42","4202",294983,170041.565817667,89275.6937971719,48592371.375,57.6445306399579,52.5022769390991
"92","RI","02","Magaziner","Seth","Democrat","https://magaziner.house.gov/","202-225-2735","Rhode Island","44","4402",216808,81408.4456707858,37440.6830992471,17424640.782,37.5486355073548,45.991153363444
"93","SC","02","Wilson","Joe","Republican","https://joewilson.house.gov","202-225-2452","South Carolina","45","4502",290555,112621.017842985,53748.1744288634,28809827.1875,38.7606538669046,47.7248167866842
"94","TN","02","Burchett","Tim","Republican","https://burchett.house.gov","202-225-5435","Tennessee","47","4702",310737,134248.64783402,41471.4116972752,22726122.5005,43.2033030614379,30.8914930365249
"95","TX","02","Crenshaw","Dan","Republican","https://crenshaw.house.gov","202-225-6565","Texas","48","4802",262246,70557.6650605084,19394.2766081794,11031936.4691,26.9051444294702,27.487129274399
"96","UT","02","Stewart","Chris","Republican","https://stewart.house.gov","202-225-9730","Utah","49","4902",278282,110121.232674727,26043.9460608257,12671040.1879,39.5718130079298,23.650249300926
"97","VA","02","Kiggans","Jennifer","Republican","https://kiggans.house.gov/","202-225-4215","Virginia","51","5102",302163,91402.1977664975,47426.5018514086,22961861.8751,30.2493017895962,51.8877040271698
"98","WA","02","Larsen","Rick","Democrat","https://larsen.house.gov","202-225-2605","Washington","53","5302",307902,126714.122248864,31792.9211889982,15325575.3127,41.1540432504055,25.0902745682582
"99","WI","02","Pocan","Mark","Democrat","https://pocan.house.gov","202-225-2906","Wisconsin","55","5502",313325,99090.414487796,39151.6275390996,19969688.1569,31.6254414706123,39.5110139981516
"100","WV","02","Mooney","Alexander","Republican","https://mooney.house.gov","202-225-2711","West Virginia","54","5402",358228,161701.032581263,53323.6299496002,28111613.1255,45.1391383647461,32.9766786880612
"101","AL","03","Rogers","Mike","Republican","https://mikerogers.house.gov","202-225-3261","Alabama","01","0103",275196,142146.786168233,61549.869975079,34671224.0625,51.652925975753,43.3002191848599
"102","AR","03","Womack","Steve","Republican","https://womack.house.gov","202-225-4301","Arkansas","05","0503",286519,135111.041923952,51352.6289511389,25227935.313,47.1560496595171,38.0077218115475
"103","AZ","03","Gallego","Ruben","Democrat","https://rubengallego.house.gov","202-225-4065","Arizona","04","0403",258344,155987.571215463,91515.0209322653,52778244.125,60.3797925306814,58.6681491475092
"104","CA","03","Kiley","Kevin","Republican","https://kiley.house.gov/","202-225-2523","California","06","0603",293754,102048.467964786,19460.5627357139,10055986.1566,34.739430940442,19.0699215028189
"105","CO","03","Boebert","Lauren","Republican","https://boebert.house.gov","202-225-4761","Colorado","08","0803",292950,159095.28535552,51224.2167050272,28684806.1255,54.3079997800032,32.1971933929783
"106","CT","03","DeLauro","Rosa","Democrat","https://delauro.house.gov","202-225-3661","Connecticut","09","0903",285831,117318.173149854,38780.1494154112,21918648.313,41.0445938858464,33.0555346833404
"107","FL","03","Cammack","Katherine","Republican","https://cammack.house.gov","202-225-5744","Florida","12","1203",295221,166180.475510101,74308.6702717136,37574145.75,56.2901946372721,44.7156442678471
"108","GA","03","Ferguson","A.","Republican","https://ferguson.house.gov","202-225-5901","Georgia","13","1303",280625,114232.812158977,57951.4825254459,32220626.938,40.7065700343794,50.731030279457
"109","IA","03","Nunn","Zachary (Zach)","Republican","https://nunn.house.gov/","202-225-5476","Iowa","19","1903",322156,113754.058879939,33100.8828355391,16772579.4069,35.3102406535773,29.0986389070084
"110","IL","03","Ramirez","Delia","Democrat","https://ramirez.house.gov/","202-225-5701","Illinois","17","1703",267519,110289.407540068,30210.2677622965,15609076.0939,41.2267568060839,27.391812537683
"111","IN","03","Banks","Jim","Republican","https://banks.house.gov","202-225-4436","Indiana","18","1803",293315,115624.753745522,37351.7090435222,19795548.8766,39.4199934355633,32.3042495949693
"112","KS","03","Davids","Sharice","Democrat","https://davids.house.gov","202-225-2865","Kansas","20","2003",289178,69702.6509016345,17160.1058909655,8850180.1882,24.1037184369608,24.6190147275491
"113","KY","03","McGarvey","John","Democrat","https://mcgarvey.house.gov/","202-225-5401","Kentucky","21","2103",315064,135349.574001049,86329.3048002688,46736125.25,42.9593904733795,63.7824724883138
"114","LA","03","Higgins","Clay","Republican","https://clayhiggins.house.gov","202-225-2031","Louisiana","22","2203",294796,171608.636528029,88127.7584981243,47055051,58.2126747065866,51.353918008509
"115","MA","03","Trahan","Lori","Democrat","https://trahan.house.gov","202-225-3411","Massachusetts","25","2503",289599,130568.434582158,42208.8903183269,22660692.188,45.0859411055143,32.3270248689147
"116","MD","03","Sarbanes","John","Democrat","https://sarbanes.house.gov","202-225-4016","Maryland","24","2403",286235,67067.7015477149,21724.6573939906,10047305.0315,23.4309925577637,32.3921304780882
"117","MI","03","Scholten","Hillary","Democrat","https://scholten.house.gov/","202-225-3831","Michigan","26","2603",297551,112730.390550645,46819.5620323092,26800691.875,37.8860734968611,41.5323337421377
"118","MN","03","Phillips","Dean","Democrat","https://phillips.house.gov","202-225-2871","Minnesota","27","2703",282871,70938.1653674118,18954.7733505973,10212523.6411,25.0779208075101,26.7201347151062
"119","MO","03","Luetkemeyer","Blaine","Republican","https://luetkemeyer.house.gov","202-225-2956","Missouri","29","2903",299802,95743.007696927,34612.3432419423,17327727.2501,31.935413271735,36.1513013582226
"120","MS","03","Guest","Michael","Republican","https://guest.house.gov","202-225-5031","Mississippi","28","2803",281145,141733.01868226,54233.1503235573,28839903.7505,50.4127829704459,38.2643020150006
"121","NC","03","Murphy","Gregory","Republican","https://gregmurphy.house.gov","202-225-3415","North Carolina","37","3703",293000,138968.541350286,63502.9155895188,33428571.3125,47.4295362970259,45.6958927340631
"122","NE","03","Smith","Adrian","Republican","https://adriansmith.house.gov","202-225-6435","Nebraska","31","3103",262221,112633.091061081,27637.8703680058,13866033.0628,42.9534976455283,24.5379666913499
"123","NJ","03","Kim","Andy","Democrat","https://kim.house.gov","202-225-4765","New Jersey","34","3403",288075,76244.9607954979,16504.4726794995,7333008.7973,26.4670522591332,21.6466406531014
"124","NM","03","Leger Fernandez","Teresa","Democrat","https://fernandez.house.gov","202-225-6190","New Mexico","35","3503",262016,162284.054319977,59824.8896207593,56708492.75,61.9366963544123,36.8643055360214
"125","NV","03","Lee","Susie","Democrat","https://susielee.house.gov","202-225-3252","Nevada","32","3203",303135,121045.663815669,53583.9685706216,25520358.1875,39.9312728044169,44.2675655463548
"126","NY","03","Santos","George","Republican","https://santos.house.gov/","202-225-3335","New York","36","3603",267119,71654.1741529762,18834.6269735841,7662958.6252,26.8248137170984,26.2854567737724
"127","OH","03","Beatty","Joyce","Democrat","https://beatty.house.gov","202-225-4324","Ohio","39","3903",328262,130875.707896655,79086.4925689286,44528519.875,39.8692836504546,60.4287028050908
"128","OK","03","Lucas","Frank","Republican","https://lucas.house.gov","202-225-5565","Oklahoma","40","4003",294900,179833.820577533,63163.9425820963,51510142,60.9812887682378,35.1235059007512
"129","OR","03","Blumenauer","Earl","Democrat","https://blumenauer.house.gov","202-225-4811","Oregon","41","4103",275514,106766.79684561,44361.8364496585,18853437.0939,38.7518590146454,41.5502176334913
"130","PA","03","Evans","Dwight","Democrat","https://evans.house.gov","202-225-4001","Pennsylvania","42","4203",334250,195591.16500531,94928.706153558,52723261,58.5164293209604,48.5342505889674
"131","SC","03","Duncan","Jeff","Republican","https://jeffduncan.house.gov","202-225-5301","South Carolina","45","4503",285824,139950.144120573,62883.2296524866,34026721.938,48.9637483628291,44.9325937087355
"132","TN","03","Fleischmann","Charles","Republican","https://fleischmann.house.gov","202-225-3271","Tennessee","47","4703",307999,139304.112409285,42239.2696833944,25558563.8125,45.2287547716989,30.3216243604442
"133","TX","03","Self","Keith","Republican","https://keithself.house.gov/","202-225-4201","Texas","48","4803",265503,60977.7723812427,21078.2435900262,10328093.938,22.9668863934655,34.5670934947275
"134","UT","03","Curtis","John","Republican","https://curtis.house.gov","202-225-7751","Utah","49","4903",263067,93985.284576821,14579.1778358882,8355751.266,35.7267481580058,15.5121920431827
"135","VA","03","Scott","Robert","Democrat","https://bobbyscott.house.gov","202-225-8351","Virginia","51","5103",312220,151309.849056782,94447.7880766071,51625397,48.4625741646217,62.4201191563966
"136","WA","03","Gluesenkamp Perez","Marie","Democrat","https://gluesenkampperez.house.gov/","202-225-3536","Washington","53","5303",293042,141793.173105327,44118.2722598437,19382802.0318,48.3866384700237,31.1145249758053
"137","WI","03","Van Orden","Derrick","Republican","https://vanorden.house.gov/","202-225-5506","Wisconsin","55","5503",297099,117390.447571286,42184.2042143566,22375463.5313,39.5122324784957,35.9349547489714
"138","AL","04","Aderholt","Robert","Republican","https://aderholt.house.gov","202-225-4876","Alabama","01","0104",270389,157217.811484217,57149.3083847863,32454590.3125,58.1450471299561,36.3504032051251
"139","AR","04","Westerman","Bruce","Republican","https://westerman.house.gov","202-225-3772","Arkansas","05","0504",288681,170588.343288918,57279.8323671243,32296406.5005,59.0923348917725,33.5778115097302
"140","AZ","04","Stanton","Greg","Democrat","https://stanton.house.gov","202-225-9888","Arizona","04","0404",321610,124066.912940129,50863.1705384484,27238994,38.5768206648205,40.9965633327181
"141","CA","04","Thompson","Mike","Democrat","https://mikethompson.house.gov","202-225-3311","California","06","0604",281547,119470.083166804,29194.1886231567,13902925.3753,42.4334420778074,24.4364010213299
"142","CO","04","Buck","Ken","Republican","https://buck.house.gov","202-225-4676","Colorado","08","0804",269842,89085.9919078286,17643.1488766985,8716356.891,33.0141311981932,19.8046275276956
"143","CT","04","Himes","James","Democrat","https://himes.house.gov","202-225-5541","Connecticut","09","0904",263617,105007.05601907,26121.2020619566,13892747.6563,39.8331883069265,24.8756636479864
"144","FL","04","Bean","Aaron","Republican","https://bean.house.gov/","202-225-0123","Florida","12","1204",294852,158350.633779619,69069.1325964668,37422842.938,53.7051245301436,43.6178441145946
"145","GA","04","Johnson","Henry","Democrat","https://hankjohnson.house.gov","202-225-1605","Georgia","13","1304",281034,113045.55759208,50993.0345550688,29896501.3755,40.2248687319255,45.108393148075
"146","IA","04","Feenstra","Randy","Republican","https://feenstra.house.gov","202-225-4426","Iowa","19","1904",318512,135973.337105229,27876.6659417436,14191686.5002,42.6901771692211,20.5015678332363
"147","IL","04","García","Jesús","Democrat","https://chuygarcia.house.gov","202-225-8203","Illinois","17","1704",241826,127167.549306423,39538.1792566831,17595044.8758,52.586384138357,31.0914061585097
"148","IN","04","Baird","James","Republican","https://baird.house.gov","202-225-5037","Indiana","18","1804",288975,109579.477240419,28287.3171865134,14430134.6253,37.9200544131565,25.8144297626558
"149","KS","04","Estes","Ron","Republican","https://estes.house.gov","202-225-6216","Kansas","20","2004",283800,119011.863178077,45581.5957191593,22920811.0625,41.9351173988994,38.300043795597
"150","KY","04","Massie","Thomas","Republican","https://massie.house.gov","202-225-3465","Kentucky","21","2104",285352,120410.43887192,53333.0403138476,29117714.938,42.1971596035493,44.292704863054
"151","LA","04","Johnson","Mike","Republican","https://mikejohnson.house.gov","202-225-2777","Louisiana","22","2204",296499,182981.65620413,89821.2120372656,50903228.625,61.7140888178813,49.0875500312793
"152","MA","04","Auchincloss","Jake","Democrat","https://auchincloss.house.gov","202-225-5931","Massachusetts","25","2504",299058,105187.681040464,29637.9897644869,14946345.3752,35.1730035780563,28.1762935272674
"153","MD","04","Ivey","Glenn","Democrat","https://ivey.house.gov/","202-225-8699","Maryland","24","2404",270300,98734.2446403865,34849.2164279144,17360917.5626,36.5276524751707,35.2959771504238
"154","MI","04","Huizenga","Bill","Republican","https://huizenga.house.gov","202-225-4401","Michigan","26","2604",301955,126163.045194706,65181.1302337982,34431213.0635,41.7820685846254,51.6642017741448
"155","MN","04","McCollum","Betty","Democrat","https://mccollum.house.gov","202-225-6631","Minnesota","27","2704",278173,97770.0038240872,39284.1815579842,21657660.2501,35.1471939491206,40.1801984468225
"156","MO","04","Alford","Mark","Republican","https://alford.house.gov/","202-225-2876","Missouri","29","2904",292105,123047.553640949,36021.9439047483,18810579.2501,42.1244256828706,29.2748151741885
"157","MS","04","Ezell","Walter","Republican","https://ezell.house.gov/","202-225-5772","Mississippi","28","2804",281693,138747.390994852,55492.6049909473,30818509.25,49.2548238667103,39.995422323297
"158","NC","04","Foushee","Valerie","Democrat","https://foushee.house.gov/","202-225-1784","North Carolina","37","3704",296210,116064.100869793,58384.0508756968,32512100.1875,39.1830461057335,50.3032810646551
"159","NJ","04","Smith","Christopher","Republican","https://chrissmith.house.gov","202-225-3765","New Jersey","34","3404",289050,106769.346435734,20135.7652242218,8623059.9382,36.9380198705184,18.8591256726873
"160","NV","04","Horsford","Steven","Democrat","https://horsford.house.gov","202-225-9894","Nevada","32","3204",270979,127974.636676056,79316.0710232187,42447124.125,47.2267728038172,61.977961479971
"161","NY","04","D'Esposito","Anthony","Republican","https://desposito.house.gov/","202-225-5516","New York","36","3604",246626,64356.6850274745,22958.9425221848,9813174.4067,26.094850108048,35.6745262941735
"162","OH","04","Jordan","Jim","Republican","https://jordan.house.gov","202-225-2676","Ohio","39","3904",303436,106347.113454854,65763.6527160582,34689724.1255,35.0476256788429,61.8386814457133
"163","OK","04","Cole","Tom","Republican","https://cole.house.gov","202-225-6165","Oklahoma","40","4004",304089,133161.105202127,63009.5253873808,49702194.75,43.7901749823661,47.3182655639105
"164","OR","04","Hoyle","Valerie","Democrat","https://hoyle.house.gov/","202-225-6416","Oregon","41","4104",295412,163604.540633357,59170.9242395038,27241544.375,55.3818195040677,36.1670428036028
"165","PA","04","Dean","Madeleine","Democrat","https://dean.house.gov","202-225-4731","Pennsylvania","42","4204",294935,72288.2268823014,19687.3416120918,9283661.2973,24.5098841718689,27.2345061722795
"166","SC","04","Timmons","William","Republican","https://timmons.house.gov","202-225-6030","South Carolina","45","4504",290732,116494.551548602,65038.5654955958,35860491.3755,40.0693943386357,55.8297058798164
"167","TN","04","DesJarlais","Scott","Republican","https://desjarlais.house.gov","202-225-6831","Tennessee","47","4704",286280,136115.280907964,53949.4341419948,24122988.8125,47.5462068282675,39.6351047304331
"168","TX","04","Fallon","Patrick","Republican","https://fallon.house.gov","202-225-6673","Texas","48","4804",289884,94272.2881359814,22636.3529546062,11867594.8441,32.5206938416682,24.0116723611872
"169","UT","04","Owens","Clarence","Republican","https://owens.house.gov","202-225-3011","Utah","49","4904",247813,71437.2810380419,13663.8547202136,7432628.1098,28.8270918144092,19.1270643586467
"170","VA","04","McClellan","Jennifer","Democrat","","202-225-6365","Virginia","51","5104",315656,147823.956840987,72984.2793440193,39670331.5625,46.8307134478631,49.3724298169937
"171","WA","04","Newhouse","Dan","Republican","https://newhouse.house.gov","202-225-5816","Washington","53","5304",266056,153031.603111273,64396.4682508188,37153883.4375,57.5185686890253,42.0805029429081
"172","WI","04","Moore","Gwen","Democrat","https://gwenmoore.house.gov","202-225-4572","Wisconsin","55","5504",300580,166132.547687247,121615.438881074,70179694.125,55.2706592877925,73.2038607570273
"173","AL","05","Strong","Dale","Republican","https://strong.house.gov/","202-225-4801","Alabama","01","0105",287649,108675.60893601,40507.9228080798,20314733.5948,37.7806315808538,37.2741622565295
"174","AZ","05","Biggs","Andy","Republican","https://biggs.house.gov","202-225-2635","Arizona","04","0405",281247,84240.3397813069,23966.6792469208,11044432.5472,29.9524403038279,28.4503591855633
"175","CA","05","McClintock","Tom","Republican","https://mcclintock.house.gov","202-225-2511","California","06","0605",281610,124989.580604314,41563.974052411,19040274.4068,44.3839283421449,33.2539511305283
"176","CO","05","Lamborn","Doug","Republican","https://lamborn.house.gov","202-225-4422","Colorado","08","0805",273098,117612.010911948,31254.1532541207,17011994.1563,43.0658631377557,26.5739468373851
"177","CT","05","Hayes","Jahana","Democrat","https://hayes.house.gov","202-225-4476","Connecticut","09","0905",281999,118368.004659226,39811.8459726061,22715471.6885,41.9746185834795,33.6339588448937
"178","FL","05","Rutherford","John","Republican","https://rutherford.house.gov","202-225-2501","Florida","12","1205",302259,98813.9544514294,29384.0123310532,14747505.7814,32.6918154468285,29.7367031753562
"179","GA","05","Williams","Nikema","Democrat","https://nikemawilliams.house.gov","202-225-3801","Georgia","13","1305",334653,133573.768946715,65938.0067025666,41333128.25,39.9141107196752,49.3644876703828
"180","IL","05","Quigley","Mike","Democrat","https://quigley.house.gov","202-225-4061","Illinois","17","1705",328890,86100.6495707706,20614.0633604578,7408750.1722,26.1791631155616,23.9418209539918
"181","IN","05","Spartz","Victoria","Republican","https://spartz.house.gov","202-225-2276","Indiana","18","1805",294918,104665.795668861,42075.2157634913,22669364.938,35.4897956953666,40.1995852557293
"182","KY","05","Rogers","Harold","Republican","https://halrogers.house.gov","202-225-4601","Kentucky","21","2105",285781,199079.895147136,109802.277976497,65366345.375,69.6616972951792,55.154880353611
"183","LA","05","Letlow","Julia","Republican","https://letlow.house.gov","202-225-8490","Louisiana","22","2205",281328,196743.381732338,98264.0724626302,53581005.625,69.9338074177962,49.9453001150072
"184","MA","05","Clark","Katherine","Democrat","https://katherineclark.house.gov","202-225-2836","Massachusetts","25","2505",306031,97077.6228719992,22370.7273123415,10306551.7971,31.7214997408757,23.0441647112004
"185","MD","05","Hoyer","Steny","Democrat","https://hoyer.house.gov","202-225-4131","Maryland","24","2405",278426,62172.45384215,21053.0677519959,9909318.0785,22.3299741554848,33.8623722419701
"186","MI","05","Walberg","Tim","Republican","https://walberg.house.gov","202-225-6276","Michigan","26","2605",303035,128585.861254453,46978.4808228078,26745853.5,42.4326765074835,36.5347172422357
"187","MN","05","Omar","Ilhan","Democrat","https://omar.house.gov","202-225-4755","Minnesota","27","2705",303338,122170.337213669,44152.5493142614,23434838.5944,40.2753157249236,36.14015506648
"188","MO","05","Cleaver","Emanuel","Democrat","https://cleaver.house.gov","202-225-4535","Missouri","29","2905",325605,138543.531765307,60423.6273613269,33126145.938,42.5495713411364,43.6134596768361
"189","NC","05","Foxx","Virginia","Republican","https://foxx.house.gov","202-225-2071","North Carolina","37","3705",302000,158049.534883481,68736.7894250757,38966774.8755,52.3342830740005,43.4906622634166
"190","NJ","05","Gottheimer","Josh","Democrat","https://gottheimer.house.gov","202-225-4465","New Jersey","34","3405",283342,72804.2170729507,13805.0716537313,5633596.4847,25.6948200665453,18.9619121099791
"191","NY","05","Meeks","Gregory","Democrat","https://meeks.house.gov","202-225-3461","New York","36","3605",248685,129388.105062088,81124.9934924206,41352956.5,52.0289141130697,62.6989578783091
"192","OH","05","Latta","Robert","Republican","https://latta.house.gov","202-225-6405","Ohio","39","3905",314798,129269.280667588,69577.5327256504,37432687.563,41.0642001116868,53.8237177203508
"193","OK","05","Bice","Stephanie","Republican","https://bice.house.gov","202-225-2132","Oklahoma","40","4005",312302,123957.702191917,60318.7931483028,41367578.6875,39.6916133076051,48.66078676976
"194","OR","05","Chavez-DeRemer","Lori","Republican","https://chavez-deremer.house.gov/","202-225-5711","Oregon","41","4105",276348,103090.016421885,29360.8409348847,11766743.4066,37.30441921848,28.4807801511336
"195","PA","05","Scanlon","Mary","Democrat","https://scanlon.house.gov","202-225-2011","Pennsylvania","42","4205",290098,106434.823070187,45370.096458526,24514592.25,36.6892646864807,42.6271169057211
"196","SC","05","Norman","Ralph","Republican","https://norman.house.gov","202-225-5501","South Carolina","45","4505",284078,123788.658921853,52243.3672320547,28139823.7505,43.5755880152116,42.2036781778496
"197","TN","05","Ogles","William","Republican","https://ogles.house.gov/","202-225-4311","Tennessee","47","4705",296179,98358.9863910275,26533.5459480516,12042739.6253,33.2093046404463,26.9762295460906
"198","TX","05","Gooden","Lance","Republican","https://gooden.house.gov","202-225-3484","Texas","48","4805",263600,103560.64612311,37413.9752542888,18971866.3444,39.2870432940477,36.1275992907694
"199","VA","05","Good","Robert","Republican","https://good.house.gov","202-225-4711","Virginia","51","5105",309848,147448.525161138,46206.8466693329,24591109.5005,47.5873735383601,31.3376119692185
"200","WA","05","McMorris Rodgers","Cathy","Republican","https://mcmorris.house.gov","202-225-2006","Washington","53","5305",303689,166858.277603437,45017.8450738548,23304382.3125,54.9438002704864,26.9796894229282
"201","WI","05","Fitzgerald","Scott","Republican","https://fitzgerald.house.gov","202-225-5101","Wisconsin","55","5505",303343,79577.6980859909,33316.2072959425,16543745.2815,26.2335699475481,41.8662616502696
"202","AL","06","Palmer","Gary","Republican","https://palmer.house.gov","202-225-4921","Alabama","01","0106",273202,104839.040405923,36437.8925540998,21160016.5313,38.3741848177991,34.7560340241736
"203","AZ","06","Ciscomani","Juan","Republican","https://ciscomani.house.gov/","202-225-2542","Arizona","04","0406",331051,143473.385538279,54042.0931653893,25688509.2505,43.3387561246694,37.6669812053543
"204","CA","06","Bera","Ami","Democrat","https://bera.house.gov","202-225-5716","California","06","0606",273992,132469.978979882,53260.5063918619,29105680.8755,48.348119280812,40.2057181574328
"205","CO","06","Crow","Jason","Democrat","https://crow.house.gov","202-225-7882","Colorado","08","0806",276617,103404.260594356,30674.6046923127,15649979.6565,37.3817446485053,29.6647396499898
"206","FL","06","Waltz","Michael","Republican","https://waltz.house.gov","202-225-2706","Florida","12","1206",322922,164558.300212918,78048.3200473854,42889804.5,50.9591480954899,47.4289780256606
"207","GA","06","McCormick","Rich","Republican","https://mccormick.house.gov/","202-225-4272","Georgia","13","1306",278450,54245.9358476964,12505.7580741384,5432184.3754,19.4813919366839,23.053815698286
"208","IL","06","Casten","Sean","Democrat","https://casten.house.gov","202-225-4561","Illinois","17","1706",292982,83790.6364606401,22541.681991861,10051181.9846,28.5992437967657,26.9023878371538
"209","IN","06","Pence","Greg","Republican","https://pence.house.gov","202-225-3021","Indiana","18","1806",291540,108722.361435099,41582.6941279012,21089833.4073,37.2924337775603,38.2466804243611
"210","KY","06","Barr","Garland","Republican","https://barr.house.gov","202-225-4706","Kentucky","21","2106",300239,130543.579477331,72286.8450777635,39938182.5,43.4798875153898,55.3737268176532
"211","LA","06","Graves","Garret","Republican","https://garretgraves.house.gov","202-225-3901","Louisiana","22","2206",293112,122934.310311583,80031.7362773294,37915092.6255,41.9410704138975,65.1012203789853
"212","MA","06","Moulton","Seth","Democrat","https://moulton.house.gov","202-225-8020","Massachusetts","25","2506",302561,103617.992362696,24421.6039835437,12292283.5316,34.2469757710665,23.5688835757985
"213","MD","06","Trone","David","Democrat","https://trone.house.gov","202-225-2721","Maryland","24","2406",287775,105872.133551025,29157.3598732994,14509453.3128,36.789899592051,27.5401646262726
"214","MI","06","Dingell","Debbie","Democrat","https://debbiedingell.house.gov","202-225-4071","Michigan","26","2606",305747,95221.9865973006,59541.8630526422,16010382.3128,31.1440460895121,62.5295324959437
"215","MN","06","Emmer","Tom","Republican","https://emmer.house.gov","202-225-2331","Minnesota","27","2706",259939,80453.8215964673,25235.7983369893,12945724.4847,30.9510391270518,31.3668112169546
"216","MO","06","Graves","Sam","Republican","https://graves.house.gov","202-225-7041","Missouri","29","2906",289057,114608.570452204,33580.4265919641,16828127.3131,39.6491247235681,29.3001007337128
"217","NC","06","Manning","Kathy","Democrat","https://manning.house.gov","202-225-3065","North Carolina","37","3706",295703,137312.977290814,81016.2616394259,44588643.625,46.4361123461089,59.0011688901349
"218","NJ","06","Pallone","Frank","Democrat","https://pallone.house.gov","202-225-4671","New Jersey","34","3406",277003,96217.3894789433,24409.9336769559,11537132.0628,34.7351434745989,25.3695655319124
"219","NY","06","Meng","Grace","Democrat","https://meng.house.gov","202-225-2601","New York","36","3606",277703,143227.840151692,69745.8649690984,32241209.5005,51.5759066886895,48.6957458097749
"220","OH","06","Johnson","Bill","Republican","https://billjohnson.house.gov","202-225-5705","Ohio","39","3906",323315,161896.87776883,69883.1849160974,37852676.5,50.0740385595565,43.1652456052195
"221","OR","06","Salinas","Andrea","Democrat","https://salinas.house.gov/","202-225-5643","Oregon","41","4106",264120,125160.855816233,12187.3358449324,14379519.469,47.3878751386618,9.73733821605244
"222","PA","06","Houlahan","Chrissy","Democrat","https://houlahan.house.gov","202-225-4315","Pennsylvania","42","4206",286144,95611.8487078683,29126.2859310256,16318514.3126,33.4138925533537,30.4630506832033
"223","SC","06","Clyburn","James","Democrat","https://clyburn.house.gov","202-225-3315","South Carolina","45","4506",293692,166354.006833023,76041.612171949,45852086,56.6423351106,45.7107187374664
"224","TN","06","Rose","John","Republican","https://johnrose.house.gov","202-225-4231","Tennessee","47","4706",310296,137783.335995318,40220.9234152459,23429830.9068,44.4038389135916,29.1914280668981
"225","TX","06","Ellzey","Jake","Republican","https://ellzey.house.gov","202-225-2002","Texas","48","4806",255056,100797.336111077,38089.117974298,19380779.0631,39.5196882688809,37.7878220237134
"226","VA","06","Cline","Ben","Republican","https://cline.house.gov","202-225-5431","Virginia","51","5106",306777,138635.855922559,42711.8224391844,22222126.2188,45.1910853559945,30.8086404883905
"227","WA","06","Kilmer","Derek","Democrat","https://kilmer.house.gov","202-225-5916","Washington","53","5306",311493,129987.878008171,33747.6307829064,19064132.1255,41.7305936275202,25.9621368546265
"228","WI","06","Grothman","Glenn","Republican","https://grothman.house.gov","202-225-2476","Wisconsin","55","5506",306079,108295.322683922,44197.8478801714,23538534.375,35.3814938901138,40.8123331505004
"229","AL","07","Sewell","Terri","Democrat","https://sewell.house.gov","202-225-2665","Alabama","01","0107",276421,168981.238039392,94455.3589485461,57470661.625,61.131838043923,55.8969504806959
"230","AZ","07","Grijalva","Raúl","Democrat","https://grijalva.house.gov","202-225-2435","Arizona","04","0407",284579,201867.170335735,88999.4369958925,59361996.125,70.9353713154291,44.0881183641071
"231","CA","07","Matsui","Doris","Democrat","https://matsui.house.gov","202-225-7163","California","06","0607",263904,126660.733432899,51076.1691654698,26832641.0625,47.9950032712269,40.3251803310681
"232","CO","07","Pettersen","Brittany","Democrat","https://pettersen.house.gov/","202-225-2645","Colorado","08","0807",296262,93011.4406414992,24830.9394616942,12543314.594,31.3949951871989,26.6966507457958
"233","FL","07","Mills","Cory","Republican","https://mills.house.gov/","202-225-4035","Florida","12","1207",307938,114996.576001617,65890.1463773102,35425330.813,37.3440679622576,57.2974854280738
"234","GA","07","McBath","Lucy","Democrat","https://mcbath.house.gov","202-225-4501","Georgia","13","1307",258882,85778.3794412753,26305.2398945947,14083242.9691,33.1341612940549,30.6665153456338
"235","IL","07","Davis","Danny","Democrat","https://davis.house.gov","202-225-5006","Illinois","17","1707",320763,164474.703566277,76296.3166065748,47734693.5,51.2760834529784,46.3878729994672
"236","IN","07","Carson","André","Democrat","https://carson.house.gov","202-225-4011","Indiana","18","1807",309007,155828.368386009,85849.6618988401,49761981,50.4287502826825,55.0924474073799
"237","MA","07","Pressley","Ayanna","Democrat","https://pressley.house.gov","202-225-5111","Massachusetts","25","2507",303021,163181.703803172,54640.6105677814,30350089.6885,53.8516154996426,33.4845201969997
"238","MD","07","Mfume","Kweisi","Democrat","https://mfume.house.gov","202-225-4741","Maryland","24","2407",314599,180600.008563815,94458.4851610344,54661225.75,57.4064153299327,52.3025917397216
"239","MI","07","Slotkin","Elissa","Democrat","https://slotkin.house.gov","202-225-4872","Michigan","26","2607",309281,110480.755256669,43600.4459192478,21301832.375,35.7218048495282,39.4642902448984
"240","MN","07","Fischbach","Michelle","Republican","https://fischbach.house.gov","202-225-2165","Minnesota","27","2707",288540,130776.31111053,27891.0659595663,13930899.1253,45.3234598705657,21.3273074631943
"241","MO","07","Burlison","Eric","Republican","https://burlison.house.gov/","202-225-6536","Missouri","29","2907",310600,147127.98740175,36805.6440262017,18413987.5011,47.3689592407438,25.016072520383
"242","NC","07","Rouzer","David","Republican","https://rouzer.house.gov","202-225-2731","North Carolina","37","3707",304427,149488.374269477,82448.4262643466,48020049.375,49.1048344166177,55.1537379861528
"243","NJ","07","Kean","Thomas","Republican","https://kean.house.gov/","202-225-5361","New Jersey","34","3407",291267,66553.6183622347,10930.8125582969,4763039.80488,22.84969404781,16.4240695356385
"244","NY","07","Velázquez","Nydia","Democrat","https://velazquez.house.gov","202-225-2361","New York","36","3607",287909,131073.025719118,81123.5477905675,41552664.375,45.5258521682609,61.891870844891
"245","OH","07","Miller","Max","Republican","https://maxmiller.house.gov/","202-225-3876","Ohio","39","3907",318178,92804.1980130504,39327.156210013,18243991.5002,29.1673836698485,42.3764840944832
"246","PA","07","Wild","Susan","Democrat","https://wild.house.gov","202-225-6411","Pennsylvania","42","4207",293921,106455.513797023,42471.6261208169,22491292.375,36.2190907750799,39.8961261901352
"247","SC","07","Fry","Russell","Republican","https://fry.house.gov/","202-225-9895","South Carolina","45","4507",289992,149818.547510415,81047.7521331263,45998784,51.6629932930616,54.0972753239994
"248","TN","07","Green","Mark","Republican","https://markgreen.house.gov","202-225-2811","Tennessee","47","4707",296765,114581.153078858,38410.1172493563,20569201.2501,38.6100628709105,33.5221947216062
"249","TX","07","Fletcher","Lizzie","Democrat","https://fletcher.house.gov","202-225-2571","Texas","48","4807",309603,111275.343729024,30548.4281601291,16437383.594,35.9413002228737,27.4530072308922
"250","VA","07","Spanberger","Abigail","Democrat","https://spanberger.house.gov","202-225-2815","Virginia","51","5107",265948,71847.1041813245,26752.4812118427,12748743.688,27.0154707616995,37.2352950291859
"251","WA","07","Jayapal","Pramila","Democrat","https://jayapal.house.gov","202-225-3106","Washington","53","5307",355519,119239.412790363,29480.7709718741,14439983.9377,33.5395331305396,24.724015559943
"252","WI","07","Tiffany","Thomas","Republican","https://tiffany.house.gov","202-225-3365","Wisconsin","55","5507",305686,121626.394315485,41963.8861848462,21973636.1563,39.7880159102755,34.5022858081255
"253","AZ","08","Lesko","Debbie","Republican","https://lesko.house.gov","202-225-4576","Arizona","04","0408",312395,122380.726537446,52063.356823984,25752795.75,39.1749952904004,42.5421210488185
"254","CA","08","Garamendi","John","Democrat","https://garamendi.house.gov","202-225-1880","California","06","0608",254119,102601.437948359,41736.9602381444,19889429.5625,40.375350897949,40.6787283616349
"255","CO","08","Caraveo","Yadira","Democrat","https://caraveo.house.gov/","202-225-5625","Colorado","08","0808",252464,103152.524309559,32297.805680037,16026810.4065,40.8583102183118,31.3107273876419
"256","FL","08","Posey","Bill","Republican","https://posey.house.gov","202-225-3671","Florida","12","1208",313093,128018.445903674,64210.4364709501,32801409.1875,40.888313026377,50.1571754114749
"257","GA","08","Scott","Austin","Republican","https://austinscott.house.gov","202-225-6531","Georgia","13","1308",278737,157012.127420982,71263.4537916136,39133258.8755,56.3298476416771,45.3872289753401
"258","IL","08","Krishnamoorthi","Raja","Democrat","https://krishnamoorthi.house.gov","202-225-3711","Illinois","17","1708",278701,85661.6585735963,18896.3402520849,9174080.8597,30.7360427747286,22.0592743203192
"259","IN","08","Bucshon","Larry","Republican","https://bucshon.house.gov","202-225-4636","Indiana","18","1808",303662,139795.756239744,60422.0108476287,32914564.25,46.0366315968886,43.2216345280235
"260","MA","08","Lynch","Stephen","Democrat","https://lynch.house.gov","202-225-8273","Massachusetts","25","2508",314685,109223.140515196,40475.9226853548,19103145.0016,34.7087215835506,37.0580103212866
"261","MD","08","Raskin","Jamie","Democrat","https://raskin.house.gov","202-225-5341","Maryland","24","2408",283824,74823.346382956,16564.811793651,7360882.7817,26.3625861036967,22.1385604820053
"262","MI","08","Kildee","Daniel","Democrat","https://dankildee.house.gov","202-225-3611","Michigan","26","2608",319953,156956.642942048,87522.5383483203,54335383.5,49.0561560423088,55.7622389901876
"263","MN","08","Stauber","Pete","Republican","https://stauber.house.gov","202-225-6211","Minnesota","27","2708",290903,128268.99918242,33535.5866448136,19417279.3125,44.0933916743451,26.1447324439792
"264","MO","08","Smith","Jason","Republican","https://jasonsmith.house.gov","202-225-4404","Missouri","29","2908",297169,152531.023855927,63246.6383701747,33627831.188,51.3280402248979,41.464770098124
"265","NC","08","Bishop","Dan","Republican","https://danbishop.house.gov","202-225-1976","North Carolina","37","3708",275537,133702.035581001,68587.2819428094,36842380.563,48.5241675640663,51.2986071190044
"266","NJ","08","Menendez","Robert","Democrat","https://menendez.house.gov/","202-225-7919","New Jersey","34","3408",300717,123573.616474801,41655.0166903835,19468919.1584,41.092993237762,33.7086652302337
"267","NY","08","Jeffries","Hakeem","Democrat","https://jeffries.house.gov","202-225-5936","New York","36","3608",291865,205617.825982222,95575.642413114,50358811.875,70.4496345852439,46.482177290104
"268","OH","08","Davidson","Warren","Republican","https://davidson.house.gov","202-225-6205","Ohio","39","3908",302661,108256.886333268,69795.7379138905,36813846,35.7683633944472,64.4723308400216
"269","PA","08","Cartwright","Matthew","Democrat","https://cartwright.house.gov","202-225-5546","Pennsylvania","42","4208",301371,140343.475899462,50862.8281341101,27276135.25,46.5683413133518,36.2416762219477
"270","TN","08","Kustoff","David","Republican","https://kustoff.house.gov","202-225-4714","Tennessee","47","4708",293974,136322.132977328,55790.1743080134,31013566.125,46.3721733817713,40.9252504267166
"271","TX","08","Luttrell","Morgan","Republican","https://luttrell.house.gov/","202-225-4901","Texas","48","4808",258379,84488.6346503831,21800.6247864336,12475985.2659,32.6994975018802,25.8030264977595
"272","VA","08","Beyer","Donald","Democrat","https://beyer.house.gov","202-225-4376","Virginia","51","5108",325282,70421.5520056664,28037.3114558126,11602417.5007,21.6493848432026,39.8135381247442
"273","WA","08","Schrier","Kim","Democrat","https://schrier.house.gov","202-225-7761","Washington","53","5308",276552,85686.7119847314,25525.1531091597,10939510.7033,30.9839422548857,29.7889281989348
"274","WI","08","Gallagher","Mike","Republican","https://gallagher.house.gov","202-225-5665","Wisconsin","55","5508",302127,104175.915144408,44689.3914061,24335272.0938,34.4808359214528,42.8980070337294
"275","AZ","09","Gosar","Paul","Republican","https://gosar.house.gov","202-225-2315","Arizona","04","0409",298574,144161.272945738,49667.5553615308,24933043.1255,48.2832640972548,34.4527724725528
"276","CA","09","Harder","Josh","Democrat","https://harder.house.gov","202-225-4540","California","06","0609",234536,126081.237213951,48079.2660920736,26745044.375,53.7577332324041,38.1335614675849
"277","FL","09","Soto","Darren","Democrat","https://soto.house.gov","202-225-9889","Florida","12","1209",244425,115186.897006878,82542.502517543,43508318.813,47.1256610440333,71.6596285362336
"278","GA","09","Clyde","Andrew","Republican","https://clyde.house.gov","202-225-9893","Georgia","13","1309",269790,107675.443426382,34131.1057899184,18413630.3131,39.9108356226629,31.6981334869114
"279","IL","09","Schakowsky","Janice","Democrat","https://schakowsky.house.gov","202-225-2111","Illinois","17","1709",303815,105545.472570604,26018.2084561173,13406315.969,34.7400465976349,24.6511838190999
"280","IN","09","Houchin","Erin","Republican","https://houchin.house.gov/","202-225-5315","Indiana","18","1809",297694,126711.68982062,46629.6158329173,24749438.3755,42.5644083591272,36.7997742741247
"281","MA","09","Keating","William","Democrat","https://keating.house.gov","202-225-3111","Massachusetts","25","2509",314053,117825.528859496,29177.1464100921,15055794.3439,37.5177211679226,24.7630090800485
"282","MI","09","McClain","Lisa","Republican","https://mcclain.house.gov","202-225-2106","Michigan","26","2609",301991,100835.786865957,35963.9570885429,19260731.0319,33.3903284753377,35.6658664610319
"283","NC","09","Hudson","Richard","Republican","https://hudson.house.gov","202-225-3715","North Carolina","37","3709",284434,131086.079634294,76915.764674736,42649646.438,46.0866421153215,58.6757685402729
"284","NJ","09","Pascrell","Bill","Democrat","https://pascrell.house.gov","202-225-5751","New Jersey","34","3409",272310,115144.051510294,40305.584914129,19351130.3751,42.2841803497096,35.0044873230169
"285","NY","09","Clarke","Yvette","Democrat","https://clarke.house.gov","202-225-6231","New York","36","3609",278160,163569.567128267,67477.3973510767,34649543.438,58.8041296837315,41.2530267920575
"286","OH","09","Kaptur","Marcy","Democrat","https://kaptur.house.gov","202-225-4146","Ohio","39","3909",329335,147453.710722514,74893.4788721503,38577532.9385,44.7731673592281,50.791179486211
"287","PA","09","Meuser","Daniel","Republican","https://meuser.house.gov","202-225-6511","Pennsylvania","42","4209",305191,135020.786420972,40818.4200600748,21341741.6881,44.2414050286451,30.2312119060022
"288","TN","09","Cohen","Steve","Democrat","https://cohen.house.gov","202-225-3265","Tennessee","47","4709",298647,170045.639549938,65903.2043356145,44399992.125,56.9386732664108,38.7561859922086
"289","TX","09","Green","Al","Democrat","https://algreen.house.gov","202-225-7508","Texas","48","4809",272169,138080.86149748,45806.2547277919,27031641.3755,50.7335006916584,33.1735001006116
"290","VA","09","Griffith","H.","Republican","https://morgangriffith.house.gov","202-225-3861","Virginia","51","5109",314102,190109.89701334,58800.4377117784,30818390.438,60.5248922367064,30.9297088870931
"291","WA","09","Smith","Adam","Democrat","https://adamsmith.house.gov","202-225-8901","Washington","53","5309",284544,119856.812366447,33854.5968906749,19465121.1251,42.1224177513662,28.2458679004149
"292","CA","10","DeSaulnier","Mark","Democrat","https://desaulnier.house.gov","202-225-2095","California","06","0610",271475,70327.1714163464,16039.4479982444,7383356.7037,25.9055793042993,22.8069004841509
"293","FL","10","Frost","Maxwell","Democrat","https://frost.house.gov/","202-225-2176","Florida","12","1210",275968,147367.155204943,100346.460466648,56087329.625,53.4000881279506,68.0928259265758
"294","GA","10","Collins","Mike","Republican","https://collins.house.gov/","202-225-4101","Georgia","13","1310",276780,116224.286721704,51863.1640158257,28193180.25,41.991576964269,44.6233446370902
"295","IL","10","Schneider","Bradley","Democrat","https://schneider.house.gov","202-225-4835","Illinois","17","1710",272813,88669.1009292375,21600.1574140592,10439224.0159,32.5017872789191,24.3604109973972
"296","MI","10","James","John","Republican","https://james.house.gov/","202-225-4961","Michigan","26","2610",317597,121792.374185297,80323.2095566628,33746599.5,38.3480870994677,65.9509350186884
"297","NC","10","McHenry","Patrick","Republican","https://mchenry.house.gov","202-225-2576","North Carolina","37","3710",292354,131061.369722958,73086.6821500127,39274873.6875,44.8296824134297,55.7652360146286
"298","NJ","10","Payne","Donald","Democrat","https://payne.house.gov","202-225-3436","New Jersey","34","3410",282011,155742.084441854,62737.5213378271,34100740.688,55.2255353308395,40.2829598452242
"299","NY","10","Goldman","Dan","Democrat","https://goldman.house.gov/","202-225-7944","New York","36","3610",311628,128997.065455678,66741.0209971366,33334571.188,41.3945683493388,51.7384025453418
"300","OH","10","Turner","Michael","Republican","https://turner.house.gov","202-225-6465","Ohio","39","3910",327844,144790.466392496,99759.0252477474,55935680.125,44.1644399142569,68.8988907441749
"301","PA","10","Perry","Scott","Republican","https://perry.house.gov","202-225-5836","Pennsylvania","42","4210",307605,107524.534683535,42414.9843383744,22933296.938,34.9553923647323,39.4467964573943
"302","TX","10","McCaul","Michael","Republican","https://mccaul.house.gov","202-225-2401","Texas","48","4810",280805,113510.44303541,32106.1299287658,10488937.6099,40.4232271631239,28.2847366904825
"303","VA","10","Wexton","Jennifer","Democrat","https://wexton.house.gov","202-225-5136","Virginia","51","5110",256480,41021.8054822335,10728.4409421614,4602623.3986,15.994153728257,26.1530198781911
"304","WA","10","Strickland","Marilyn","Democrat","https://strickland.house.gov","202-225-9740","Washington","53","5310",287606,121186.089033817,36326.5092072377,18984436.0641,42.1361477277308,29.9758078644659
"305","CA","11","Pelosi","Nancy","Democrat","https://pelosi.house.gov","202-225-4965","California","06","0611",327227,120412.784762416,41468.1045589389,20128083.4375,36.7979368335792,34.4382904529271
"306","FL","11","Webster","Daniel","Republican","https://webster.house.gov","202-225-1002","Florida","12","1211",292210,121785.877656603,41125.7318036395,23745409.188,41.6775187901177,33.7688840405624
"307","GA","11","Loudermilk","Barry","Republican","https://loudermilk.house.gov","202-225-2931","Georgia","13","1311",292238,89758.2764984332,23428.1978713374,13456665.719,30.7141016905513,26.1014346367784
"308","IL","11","Foster","Bill","Democrat","https://foster.house.gov","202-225-3515","Illinois","17","1711",275575,81446.9909757261,18061.0348138365,8987725.6256,29.5552902025678,22.1752020516255
"309","MI","11","Stevens","Haley","Democrat","https://stevens.house.gov","202-225-8171","Michigan","26","2611",328794,108265.413183638,52041.9009317227,22377859.3439,32.928037976252,48.0688147778553
"310","NC","11","Edwards","Charles (Chuck)","Republican","https://edwards.house.gov/","202-225-6401","North Carolina","37","3711",306151,145770.35627721,44712.3385018835,23539655.5005,47.6138755964247,30.6731352270652
"311","NJ","11","Sherrill","Mikie","Democrat","https://sherrill.house.gov","202-225-5034","New Jersey","34","3411",282932,65003.8264712617,11774.1019946421,4820019.25798,22.9750705014851,18.112936782033
"312","NY","11","Malliotakis","Nicole","Republican","https://malliotakis.house.gov","202-225-3371","New York","36","3611",266411,121946.851375406,58706.9574636865,28446917.688,45.7739550451767,48.1414294846866
"313","OH","11","Brown","Shontel","Democrat","https://shontelbrown.house.gov","202-225-7032","Ohio","39","3911",353187,217024.241420544,135162.783905503,77653697.375,61.4474036192,62.2800397876236
"314","PA","11","Smucker","Lloyd","Republican","https://smucker.house.gov","202-225-2411","Pennsylvania","42","4211",292427,105886.51880904,28668.7427990118,14970982.1253,36.2095561658261,27.0749696198003
"315","TX","11","Pfluger","August","Republican","https://pfluger.house.gov","202-225-3605","Texas","48","4811",289405,130489.987766183,40603.127093048,20241795.3438,45.0890578138537,31.1158946277182
"316","VA","11","Connolly","Gerald","Democrat","https://connolly.house.gov","202-225-1492","Virginia","51","5111",280436,47913.7880108606,14321.3553616513,5768604.79715,17.0854626406241,29.8898416430884
"317","CA","12","Lee","Barbara","Democrat","https://lee.house.gov","202-225-2661","California","06","0612",288071,115533.997933179,42558.1485115077,20635101.0313,40.1060842407528,36.8360389780001
"318","FL","12","Bilirakis","Gus","Republican","https://bilirakis.house.gov","202-225-5755","Florida","12","1212",312540,158194.108093049,84932.8819243376,45553983.625,50.6156357883947,53.6890298558911
"319","GA","12","Allen","Rick","Republican","https://allen.house.gov","202-225-2823","Georgia","13","1312",268710,151635.909118693,64509.9906027864,37205512.5,56.4310629000385,42.5426872682848
"320","IL","12","Bost","Mike","Republican","https://bost.house.gov","202-225-5661","Illinois","17","1712",301706,145435.239188834,48185.9635178928,24460928.375,48.2042913262693,33.1322475808823
"321","MI","12","Tlaib","Rashida","Democrat","https://tlaib.house.gov","202-225-5126","Michigan","26","2612",297164,183705.355278957,130314.890290877,62844969.125,61.8195189454163,70.9369033325096
"322","NC","12","Adams","Alma","Democrat","https://adams.house.gov","202-225-1510","North Carolina","37","3712",278976,113230.697703334,60191.9832529896,33811865.438,40.5879709019177,53.1587144421678
"323","NJ","12","Watson Coleman","Bonnie","Democrat","https://watsoncoleman.house.gov","202-225-5801","New Jersey","34","3412",279280,89889.6440479908,22166.8510915304,10840585.2504,32.1862088398707,24.660072165483
"324","NY","12","Nadler","Jerrold","Democrat","https://nadler.house.gov","202-225-5635","New York","36","3612",376289,102268.358241074,50720.6372772038,19483114.5626,27.1781418646503,49.5956307009854
"325","OH","12","Balderson","Troy","Republican","https://balderson.house.gov","202-225-5355","Ohio","39","3912",295475,136066.832637896,67936.7293915706,35851606.251,46.0502014173435,49.928941590318
"326","PA","12","Lee","Summer","Democrat","https://summerlee.house.gov/","202-225-2135","Pennsylvania","42","4212",335519,159758.274580313,50760.3804499777,28167865.4375,47.615269054901,31.7732402802457
"327","TX","12","Granger","Kay","Republican","https://kaygranger.house.gov","202-225-5071","Texas","48","4812",285703,99813.0146774088,42266.9761898084,20505521.5011,34.9359351065298,42.3461572886195
"328","CA","13","Duarte","John","Republican","https://duarte.house.gov/","202-225-1947","California","06","0613",214351,150360.904500062,62341.3034916563,34196102.313,70.1470506319366,41.4611123143586
"329","FL","13","Paulina Luna","Anna","Republican","https://luna.house.gov/","202-225-5961","Florida","12","1213",332538,150526.128152088,65882.0127799025,35736784,45.2658427464195,43.7678252863428
"330","GA","13","Scott","David","Democrat","https://davidscott.house.gov","202-225-2939","Georgia","13","1313",278069,112682.361464931,62682.05546464,35478230.5,40.5231656405176,55.6272114373001
"331","IL","13","Budzinski","Nicole (Nikki)","Democrat","https://budzinski.house.gov/","202-225-2371","Illinois","17","1713",311715,166043.034306182,73935.6219108647,42968744.938,53.2675791367698,44.527987711022
"332","MI","13","Thanedar","Shri","Democrat","https://thanedar.house.gov/","202-225-5802","Michigan","26","2613",301310,194552.301063783,151640.740293085,78000483.125,64.5688165224463,77.9434319018262
"333","NC","13","Nickel","George","Democrat","https://nickel.house.gov/","202-225-4531","North Carolina","37","3713",277091,111874.947234732,55879.2844463364,30811128.1255,40.3748036690949,49.9479873086265
"334","NY","13","Espaillat","Adriano","Democrat","https://espaillat.house.gov","202-225-4365","New York","36","3613",311318,225689.27558378,156131.07881285,84413130.75,72.4947724139881,69.1796623516973
"335","OH","13","Sykes","Emilia","Democrat","https://sykes.house.gov/","202-225-6265","Ohio","39","3913",331698,141225.339567378,86033.152553748,48004375,42.5764820913536,60.9190622711881
"336","PA","13","Joyce","John","Republican","https://johnjoyce.house.gov","202-225-2431","Pennsylvania","42","4213",305798,133431.048909094,37072.7443343531,19452924.5318,43.6337219043598,27.7841961353466
"337","TX","13","Jackson","Ronny","Republican","https://jackson.house.gov","202-225-3706","Texas","48","4813",283675,140613.765059275,40401.9816188258,22068612.8125,49.5686137513969,28.7325935706184
"338","CA","14","Swalwell","Eric","Democrat","https://swalwell.house.gov","202-225-5065","California","06","0614",246606,69141.6527430772,23464.9249069447,11348983.5628,28.0372954198508,33.9374660223091
"339","FL","14","Castor","Kathy","Democrat","https://castor.house.gov","202-225-3376","Florida","12","1214",320558,144647.521400784,99361.4259931131,57651519.875,45.1236660450788,68.6921041099669
"340","GA","14","Greene","Marjorie","Republican","https://greene.house.gov","202-225-5211","Georgia","13","1314",273774,120167.558959317,53849.7285820233,29029224.188,43.8929770392065,44.8122014363745
"341","IL","14","Underwood","Lauren","Democrat","https://underwood.house.gov","202-225-2976","Illinois","17","1714",263880,94119.3157691544,25846.8539422581,13063574.6253,35.6674684588277,27.4617954147185
"342","NC","14","Jackson","Jeffrey","Democrat","https://jeffjackson.house.gov/","202-225-5634","North Carolina","37","3714",306755,99729.2021496718,52574.0802399131,30415127.438,32.5110274159091,52.7168362993728
"343","NY","14","Ocasio-Cortez","Alexandria","Democrat","https://ocasio-cortez.house.gov","202-225-3965","New York","36","3614",258900,162862.245487261,90780.9220925037,44340473.8755,62.9054636876251,55.7409249890297
"344","OH","14","Joyce","David","Republican","https://joyce.house.gov","202-225-5731","Ohio","39","3914",320712,131976.559043478,71662.4534476515,37507050.1875,41.1511134736081,54.2993801073744
"345","PA","14","Reschenthaler","Guy","Republican","https://reschenthaler.house.gov","202-225-2065","Pennsylvania","42","4214",320439,151161.277580071,41438.0247027407,23097369,47.1731835326134,27.4131215124129
"346","TX","14","Weber","Randy","Republican","https://weber.house.gov","202-225-2831","Texas","48","4814",283467,121668.712242802,46929.9549184576,25608162.125,42.9216495192745,38.5719171785136
"347","CA","15","Mullin","Kevin","Democrat","https://kevinmullin.house.gov/","202-225-3531","California","06","0615",255508,70288.402303107,18932.6848952404,9798593.188,27.5092765405024,26.9357166685855
"348","FL","15","Lee","Laurel","Republican","https://laurellee.house.gov/","202-225-5626","Florida","12","1215",294359,155627.442573493,84289.9967721533,46461392.75,52.8699453977941,54.1613968451281
"349","IL","15","Miller","Mary","Republican","https://marymiller.house.gov","202-225-5271","Illinois","17","1715",303789,128541.166297581,34697.630099094,16162844.2815,42.3126467046474,26.9933991564747
"350","NY","15","Torres","Ritchie","Democrat","https://ritchietorres.house.gov","202-225-4361","New York","36","3615",280725,252613.502601588,143598.214275637,73804293.375,89.9861083272199,56.8450272043115
"351","OH","15","Carey","Mike","Republican","https://carey.house.gov","202-225-2015","Ohio","39","3915",312952,104522.146887009,72599.8864611753,38382040.4375,33.3987790098831,69.4588550115194
"352","PA","15","Thompson","Glenn","Republican","https://thompson.house.gov","202-225-5121","Pennsylvania","42","4215",299458,145262.696204654,34085.9932598985,17549676.7189,48.5085374926214,23.4650699391372
"353","TX","15","De La Cruz","Mónica","Republican","https://delacruz.house.gov/","202-225-9901","Texas","48","4815",239047,162096.423609998,92856.2209710062,52835011.625,67.8094364748346,57.2845587231568
"354","CA","16","Eshoo","Anna","Democrat","https://eshoo.house.gov","202-225-8104","California","06","0616",268004,69896.6302114242,16905.8703662783,9180606.4693,26.0804429080999,24.1869605374984
"355","FL","16","Buchanan","Vern","Republican","https://buchanan.house.gov","202-225-5015","Florida","12","1216",295133,126090.334037286,55817.9298317997,27622355.3755,42.723224457206,44.2682068042534
"356","IL","16","LaHood","Darin","Republican","https://lahood.house.gov","202-225-6201","Illinois","17","1716",301314,104230.26970407,28854.9392387552,12395646.3442,34.5919106659731,27.6838382177077
"357","NY","16","Bowman","Jamaal","Democrat","https://bowman.house.gov","202-225-2464","New York","36","3616",285381,122659.923598859,47638.5644102611,22538459.8755,42.9811107252617,38.8379211502332
"358","PA","16","Kelly","Mike","Republican","https://kelly.house.gov","202-225-5406","Pennsylvania","42","4216",312401,149518.089023868,62004.8673928783,35097447.6875,47.8609508368628,41.4698099726117
"359","TX","16","Escobar","Veronica","Democrat","https://escobar.house.gov","202-225-4831","Texas","48","4816",264839,153388.000225508,70529.4454480511,43409986.9375,57.9174518199767,45.9810711035805
"360","CA","17","Khanna","Ro","Democrat","https://khanna.house.gov","202-225-2631","California","06","0617",262262,60498.1809703259,18468.0758817466,9144573.5473,23.0678409263736,30.5266630922425
"361","FL","17","Steube","W.","Republican","https://steube.house.gov","202-225-5792","Florida","12","1217",339651,138116.131388442,32854.1491724594,14802100.3752,40.6641321204536,23.7873366725422
"362","IL","17","Sorensen","Eric","Democrat","https://sorensen.house.gov/","202-225-5905","Illinois","17","1717",314810,180453.621838421,56437.9477483379,32091996.063,57.3214389118583,31.2755971165116
"363","NY","17","Lawler","Michael","Republican","https://lawler.house.gov/","202-225-6506","New York","36","3617",258714,82131.7353717817,23599.0395047097,10945654.4222,31.7461503327155,28.7331558232455
"364","PA","17","Deluzio","Chris","Democrat","https://deluzio.house.gov/","202-225-2301","Pennsylvania","42","4217",328470,116306.023998062,31887.7454499838,16182156.6877,35.4084159886937,27.4171056268891
"365","TX","17","Sessions","Pete","Republican","https://sessions.house.gov","202-225-6105","Texas","48","4817",280539,143869.235788142,41742.0143090274,21762132.5318,51.2831498608543,29.0138569794696
"366","CA","18","Lofgren","Zoe","Democrat","https://lofgren.house.gov","202-225-3072","California","06","0618",214771,95633.1999634806,40702.0366663086,22107324.0625,44.5279856048911,42.560571728073
"367","FL","18","Franklin","C.","Republican","https://franklin.house.gov","202-225-1252","Florida","12","1218",284392,180004.539555831,86214.5992024674,45332262.375,63.2945158639594,47.895791636814
"368","NY","18","Ryan","Patrick","Democrat","","202-225-5614","New York","36","3618",281495,125780.573006875,47129.5039998173,24935098.1563,44.6830576055969,37.4696210019979
"369","TX","18","Jackson Lee","Sheila","Democrat","https://jacksonlee.house.gov","202-225-3816","Texas","48","4818",275567,149340.99713358,55068.2425301945,30568680.3755,54.1940788024619,36.874162880363
"370","CA","19","Panetta","Jimmy","Democrat","https://panetta.house.gov","202-225-2861","California","06","0619",267823,84200.3925171338,25623.2312403715,12064792.7192,31.4388206080635,30.4312491597441
"371","FL","19","Donalds","Byron","Republican","https://donalds.house.gov","202-225-2536","Florida","12","1219",331600,127849.469310218,26310.0688177632,12554951.8753,38.555328501272,20.5789425327403
"372","NY","19","Molinaro","Marcus","Republican","https://molinaro.house.gov/","202-225-5441","New York","36","3619",315763,162837.326296657,68627.5390508776,35235629.6875,51.5694765683936,42.1448451725694
"373","TX","19","Arrington","Jodey","Republican","https://arrington.house.gov","202-225-4005","Texas","48","4819",282694,128870.873051248,33615.9131180279,19110937.4688,45.5867026011336,26.0849580064999
"374","CA","20","McCarthy","Kevin","Republican","https://kevinmccarthy.house.gov","202-225-2915","California","06","0620",259490,121543.210485292,66019.6692498539,28865732.563,46.83926566931,54.3178586333646
"375","FL","20","Cherfilus-McCormick","Sheila","Democrat","https://cherfilus-mccormick.house.gov","202-225-1313","Florida","12","1220",280213,172558.89723784,61910.9554401978,35968659.938,61.5813317861199,35.8781589539629
"376","NY","20","Tonko","Paul","Democrat","https://tonko.house.gov","202-225-5076","New York","36","3620",323688,128255.240319988,79500.0139930018,38097728.2505,39.6231062998901,61.9857822531497
"377","TX","20","Castro","Joaquin","Democrat","https://castro.house.gov","202-225-3236","Texas","48","4820",281635,146773.61097379,67043.1025811683,43422387.5,52.1148333743285,45.6778995463568
"378","CA","21","Costa","Jim","Democrat","https://costa.house.gov","202-225-3341","California","06","0621",226959,182955.526336212,84339.1374471757,48592726.625,80.611707989642,46.0981633821699
"379","FL","21","Mast","Brian","Republican","https://mast.house.gov","202-225-3026","Florida","12","1221",310687,119973.381354158,32504.500467174,16043348.7189,38.6155137981822,27.0930935681654
"380","NY","21","Stefanik","Elise","Republican","https://stefanik.house.gov","202-225-4611","New York","36","3621",311103,149179.692984548,79189.0699918131,35707739.3125,47.9518657758194,53.0830090929438
"381","TX","21","Roy","Chip","Republican","https://roy.house.gov","202-225-4236","Texas","48","4821",302594,82335.0396665298,28078.3402357931,12606748.5941,27.2097396731362,34.1025404852113
"382","CA","22","Valadao","David","Republican","https://valadao.house.gov","202-225-4695","California","06","0622",214238,185918.302779563,102433.136342411,59354670.375,86.7811979105306,55.095778527982
"383","FL","22","Frankel","Lois","Democrat","https://frankel.house.gov","202-225-9890","Florida","12","1222",303688,125448.222982151,42756.6270628872,18179446.5315,41.3082581406414,34.0830870669015
"384","NY","22","Williams","Brandon","Republican","https://brandonwilliams.house.gov/","202-225-3701","New York","36","3622",311108,152012.813270203,80606.2686984413,44587886.625,48.8617500257799,53.0259699589688
"385","TX","22","Nehls","Troy","Republican","https://nehls.house.gov","202-225-5951","Texas","48","4822",263468,73168.9381632009,23822.7639489761,9843451.7193,27.7714706010601,32.5585754652338
"386","CA","23","Obernolte","Jay","Republican","https://obernolte.house.gov","202-225-5861","California","06","0623",245444,148036.79818534,95294.5841245859,47411705.125,60.3138794125503,64.3722272385805
"387","FL","23","Moskowitz","Jared","Democrat","https://moskowitz.house.gov/","202-225-3001","Florida","12","1223",321449,123774.465356439,26687.7523199047,11210919.2506,38.5051642271213,21.5615977358906
"388","NY","23","Langworthy","Nicholas","Republican","https://langworthy.house.gov/","202-225-3161","New York","36","3623",321527,157201.755498397,64977.0128367402,33698188.8125,48.8922409310562,41.3335160480461
"389","TX","23","Gonzales","Ernest","Republican","https://gonzales.house.gov","202-225-4511","Texas","48","4823",247996,107328.653649444,77060.0282170276,27535179.0625,43.2783809615655,71.7981877129666
"390","CA","24","Carbajal","Salud","Democrat","https://carbajal.house.gov","202-225-3601","California","06","0624",268361,117515.303667679,38245.1093101333,20016171.5319,43.7900081113421,32.5447904370707
"391","FL","24","Wilson","Frederica","Democrat","https://wilson.house.gov","202-225-4506","Florida","12","1224",288751,186909.456774762,78893.7870118216,42288714.5,64.7303236265023,42.2096283265613
"392","NY","24","Tenney","Claudia","Republican","https://tenney.house.gov","202-225-3665","New York","36","3624",316306,148424.449823148,70951.5495215773,36300172.125,46.9243232259736,47.803141332926
"393","TX","24","Van Duyne","Beth","Republican","https://vanduyne.house.gov","202-225-6605","Texas","48","4824",284428,66742.6358096359,22832.7947422074,9780423.0161,23.465564504773,34.2102083102192
"394","CA","25","Ruiz","Raul","Democrat","https://ruiz.house.gov","202-225-5330","California","06","0625",244943,173944.768227508,111789.345989721,58916101.75,71.0143862970192,64.2671505034912
"395","FL","25","Wasserman Schultz","Debbie","Democrat","https://wassermanschultz.house.gov","202-225-7931","Florida","12","1225",282554,127267.834088531,29486.9313197814,14516669.0627,45.0419509504486,23.1691939530216
"396","NY","25","Morelle","Joseph","Democrat","https://morelle.house.gov","202-225-3615","New York","36","3625",322370,154127.110749959,79565.6187556876,44542927.625,47.8106246703969,51.6233765549316
"397","TX","25","Williams","Roger","Republican","https://williams.house.gov","202-225-9896","Texas","48","4825",281458,111662.489261056,45673.7853492742,19015425.0631,39.6728781065223,40.9034275086717
"398","CA","26","Brownley","Julia","Democrat","https://juliabrownley.house.gov","202-225-5811","California","06","0626",242922,82294.5845294686,40473.9484253148,21098759.0938,33.8769582538711,49.181788396807
"399","FL","26","Diaz-Balart","Mario","Republican","https://mariodiazbalart.house.gov","202-225-4211","Florida","12","1226",268868,151586.233938405,67178.7483229457,35853362.377,56.3794255688313,44.3171827530478
"400","NY","26","Higgins","Brian","Democrat","https://higgins.house.gov","202-225-3306","New York","36","3626",333980,188973.723519198,99712.1504749333,55871308.625,56.5823473019937,52.7650874513267
"401","TX","26","Burgess","Michael","Republican","https://burgess.house.gov","202-225-7772","Texas","48","4826",280668,60800.6572188151,19171.331819905,9139056.235,21.6628390906035,31.5314549165306
"402","CA","27","Garcia","Mike","Republican","https://mikegarcia.house.gov","202-225-1956","California","06","0627",230993,110961.283050569,70525.0711726717,38203117.501,48.0366431236311,63.5582693654784
"403","FL","27","Salazar","Maria","Republican","https://salazar.house.gov","202-225-3931","Florida","12","1227",288622,135412.505893137,56044.3860254682,28955347.375,46.9169037333041,41.3878951990568
"404","TX","27","Cloud","Michael","Republican","https://cloud.house.gov","202-225-7742","Texas","48","4827",278672,138789.32214719,60665.4440101478,34508087.188,49.8038274915276,43.7104548618016
"405","CA","28","Chu","Judy","Democrat","https://chu.house.gov","202-225-5464","California","06","0628",263644,110212.427021155,53286.2364747637,24064029.75,41.8035028375972,48.3486644065425
"406","FL","28","Gimenez","Carlos","Republican","https://gimenez.house.gov","202-225-2778","Florida","12","1228",246688,122175.413172045,60153.4529054094,32925623.2505,49.5262895528137,49.235317764551
"407","TX","28","Cuellar","Henry","Democrat","https://cuellar.house.gov","202-225-1640","Texas","48","4828",246448,133842.636725763,88988.4431204599,53680393.125,54.3086723064349,66.487365534193
"408","CA","29","Cárdenas","Tony","Democrat","https://cardenas.house.gov","202-225-6131","California","06","0629",232319,157614.809635126,87475.0291925976,47306601.75,67.8441322643117,55.4992448965296
"409","TX","29","Garcia","Sylvia","Democrat","https://sylviagarcia.house.gov","202-225-1688","Texas","48","4829",242677,163652.842692215,46753.77075033,26170049.126,67.4364866436518,28.5688717538875
"410","CA","30","Schiff","Adam","Democrat","https://schiff.house.gov","202-225-4176","California","06","0630",327480,156159.947648825,66612.5121850032,33020472.6885,47.6853388447615,42.6565922875451
"411","TX","30","Crockett","Jasmine","Democrat","https://crockett.house.gov/","202-225-8885","Texas","48","4830",284067,131925.717755419,74185.3695048148,40641612.063,46.441761188529,56.2326821237004
"412","CA","31","Napolitano","Grace","Democrat","https://napolitano.house.gov","202-225-5256","California","06","0631",217179,112483.480865128,84077.3170756687,38026073.563,51.7929822243994,74.7463684703005
"413","TX","31","Carter","John","Republican","https://carter.house.gov","202-225-3864","Texas","48","4831",275983,89653.1873955043,34293.0465942849,14916992.5002,32.4850398015473,38.250783480794
"414","CA","32","Sherman","Brad","Democrat","https://sherman.house.gov","202-225-5911","California","06","0632",287722,112793.633771044,47089.2219886169,22563417.1573,39.2022972769006,41.748120363071
"415","TX","32","Allred","Colin","Democrat","https://allred.house.gov","202-225-2231","Texas","48","4832",308630,115080.968634989,50368.4930667215,30789290.813,37.2876805997436,43.7678737537214
"416","CA","33","Aguilar","Pete","Democrat","https://aguilar.house.gov","202-225-3201","California","06","0633",215880,119402.747338546,92887.3298311421,50082162.125,55.3097773478536,77.7932936231154
"417","TX","33","Veasey","Marc","Democrat","https://veasey.house.gov","202-225-9897","Texas","48","4833",262040,130808.168102226,66880.9113736035,39961961.313,49.9191604725331,51.1290023734119
"418","CA","34","Gomez","Jimmy","Democrat","https://gomez.house.gov","202-225-6235","California","06","0634",266392,197283.774397651,95844.4293837468,53950856.25,74.0576948247888,48.5820132326543
"419","TX","34","Gonzalez","Vicente","Democrat","https://gonzalez.house.gov","202-225-2531","Texas","48","4834",234820,175532.097701403,105349.698142013,67105301.375,74.7517663322556,60.0173412849102
"420","CA","35","Torres","Norma","Democrat","https://torres.house.gov","202-225-6161","California","06","0635",217745,110832.732832986,75148.7242760201,36900317.0005,50.9002424087744,67.8037276129083
"421","TX","35","Casar","Gregorio","Democrat","https://casar.house.gov/","202-225-5645","Texas","48","4835",286996,133980.567117742,67713.8561561087,37323356.875,46.6837750762177,50.540057870185
"422","CA","36","Lieu","Ted","Democrat","https://lieu.house.gov","202-225-3976","California","06","0636",316301,101295.530976083,28454.2468158627,13912961.9379,32.0250429104186,28.0903279164221
"423","TX","36","Babin","Brian","Republican","https://babin.house.gov","202-225-1555","Texas","48","4836",277328,120229.84747193,39813.3329219495,20922718.3448,43.3529421738629,33.1143503540122
"424","CA","37","Kamlager","Sydney","Democrat","https://kamlager-dove.house.gov/","202-225-7084","California","06","0637",252624,174381.430871362,109022.90444738,57887356,69.0280538948645,62.5197900387707
"425","TX","37","Doggett","Lloyd","Democrat","https://doggett.house.gov","202-225-4865","Texas","48","4837",344890,96063.8158408899,8395.99653382709,13744474.0941,27.853465116672,8.74001980905417
"426","CA","38","Sánchez","Linda","Democrat","https://lindasanchez.house.gov","202-225-6676","California","06","0638",223951,102809.566872066,57409.6727918976,29017375.313,45.9071702613811,55.8407884971806
"427","TX","38","Hunt","Wesley","Republican","https://hunt.house.gov/","202-225-5646","Texas","48","4838",284202,75363.2853083207,14949.6283917324,8479885.0162,26.5175070225828,19.8367525122764
"428","CA","39","Takano","Mark","Democrat","https://takano.house.gov","202-225-2305","California","06","0639",201241,113615.947067649,81660.4715490882,39814673.125,56.4576537920448,71.8741282862926
"429","CA","40","Kim","Young","Republican","https://youngkim.house.gov","202-225-4111","California","06","0640",263521,74214.2851385114,28237.1923833101,13010796.7974,28.1625696390464,38.0481902245761
"430","CA","41","Calvert","Ken","Republican","https://calvert.house.gov","202-225-1986","California","06","0641",256638,104774.548769412,54448.4190574302,24910105.2818,40.8258125333785,51.9672188493604
"431","CA","42","Garcia","Robert","Democrat","https://robertgarcia.house.gov/","202-225-7924","California","06","0642",244579,131951.69715026,89004.4937011064,46202350.625,53.9505424219824,67.4523296200975
"432","CA","43","Waters","Maxine","Democrat","https://waters.house.gov","202-225-2201","California","06","0643",229188,153348.166699144,102605.192773667,56896092.125,66.9093349997136,66.9099572445299
"433","CA","44","Barragán","Nanette","Democrat","https://barragan.house.gov","202-225-8220","California","06","0644",226066,131666.030000075,75931.7248489168,41227882.375,58.2422964975162,57.6699433019083
"434","CA","45","Steel","Michelle","Republican","https://steel.house.gov","202-225-2415","California","06","0645",234912,103795.118540205,60822.5914990989,30014098.1885,44.1846813020216,58.5987013209482
"435","CA","46","Correa","J.","Democrat","https://correa.house.gov","202-225-2965","California","06","0646",210816,110740.911248998,76848.02548006,40769051.3125,52.529652042064,69.3944312118487
"436","CA","47","Porter","Katie","Democrat","https://porter.house.gov","202-225-5611","California","06","0647",294920,94157.9331807377,29900.8058576099,15083676.7502,31.9266015125246,31.7560133783043
"437","CA","48","Issa","Darrell","Republican","https://issa.house.gov","202-225-5672","California","06","0648",250619,87122.3593676012,43528.4274409679,19514293.782,34.7628708787447,49.9624066163147
"438","CA","49","Levin","Mike","Democrat","https://mikelevin.house.gov","202-225-3906","California","06","0649",267088,88567.0189556814,32768.4815221181,15240302.095,33.1602389308698,36.9985146937318
"439","CA","50","Peters","Scott","Democrat","https://scottpeters.house.gov","202-225-0508","California","06","0650",299075,98655.1503165128,43543.6949669996,19976529.6563,32.9867592799508,44.1372749697299
"440","CA","51","Jacobs","Sara","Democrat","https://sarajacobs.house.gov","202-225-2040","California","06","0651",274991,106394.689606892,54805.9519787212,27226110.0005,38.6902442650457,51.5119243086462
"441","CA","52","Vargas","Juan","Democrat","https://vargas.house.gov","202-225-8045","California","06","0652",226924,132184.311829697,80278.5102623188,41360837.875,58.2504767365713,60.7322526789319
"442","AK",NA,"Murkowski","Lisa","Republican","https://www.murkowski.senate.gov","202-224-6665",NA,NA,NA,NA,NA,NA,NA,NA,NA
"443","AK",NA,"Sullivan","Dan","Republican","https://www.sullivan.senate.gov","202-224-3004",NA,NA,NA,NA,NA,NA,NA,NA,NA
"444","AL",NA,"Tuberville","Tommy","Republican","https://www.tuberville.senate.gov","202-224-4124",NA,NA,NA,NA,NA,NA,NA,NA,NA
"445","AL",NA,"Britt","Katie","Republican","https://www.britt.senate.gov","202-224-5744",NA,NA,NA,NA,NA,NA,NA,NA,NA
"446","AR",NA,"Boozman","John","Republican","https://www.boozman.senate.gov/public","202-224-4843",NA,NA,NA,NA,NA,NA,NA,NA,NA
"447","AR",NA,"Cotton","Tom","Republican","https://www.cotton.senate.gov","202-224-2353",NA,NA,NA,NA,NA,NA,NA,NA,NA
"448","AZ",NA,"Sinema","Kyrsten","Independent","https://www.sinema.senate.gov","202-224-4521",NA,NA,NA,NA,NA,NA,NA,NA,NA
"449","AZ",NA,"Kelly","Mark","Democrat","https://www.kelly.senate.gov","202-224-2235",NA,NA,NA,NA,NA,NA,NA,NA,NA
"450","CA",NA,"Feinstein","Dianne","Democrat","https://www.feinstein.senate.gov","202-224-3841",NA,NA,NA,NA,NA,NA,NA,NA,NA
"451","CA",NA,"Padilla","Alejandro","Democrat","https://www.padilla.senate.gov","202-224-3553",NA,NA,NA,NA,NA,NA,NA,NA,NA
"452","CO",NA,"Bennet","Michael","Democrat","https://www.bennet.senate.gov/public","202-224-5852",NA,NA,NA,NA,NA,NA,NA,NA,NA
"453","CO",NA,"Hickenlooper","John","Democrat","https://www.hickenlooper.senate.gov","202-224-5941",NA,NA,NA,NA,NA,NA,NA,NA,NA
"454","CT",NA,"Blumenthal","Richard","Democrat","https://www.blumenthal.senate.gov","202-224-2823",NA,NA,NA,NA,NA,NA,NA,NA,NA
"455","CT",NA,"Murphy","Christopher","Democrat","https://www.murphy.senate.gov","202-224-4041",NA,NA,NA,NA,NA,NA,NA,NA,NA
"456","DE",NA,"Carper","Thomas","Democrat","https://www.carper.senate.gov","202-224-2441",NA,NA,NA,NA,NA,NA,NA,NA,NA
"457","DE",NA,"Coons","Christopher","Democrat","https://www.coons.senate.gov","202-224-5042",NA,NA,NA,NA,NA,NA,NA,NA,NA
"458","FL",NA,"Rubio","Marco","Republican","https://www.rubio.senate.gov","202-224-3041",NA,NA,NA,NA,NA,NA,NA,NA,NA
"459","FL",NA,"Scott","Rick","Republican","https://www.rickscott.senate.gov","202-224-5274",NA,NA,NA,NA,NA,NA,NA,NA,NA
"460","GA",NA,"Ossoff","Jon","Democrat","https://www.ossoff.senate.gov","202-224-3521",NA,NA,NA,NA,NA,NA,NA,NA,NA
"461","GA",NA,"Warnock","Raphael","Democrat","https://www.warnock.senate.gov","202-224-3643",NA,NA,NA,NA,NA,NA,NA,NA,NA
"462","HI",NA,"Hirono","Mazie","Democrat","https://www.hirono.senate.gov","202-224-6361",NA,NA,NA,NA,NA,NA,NA,NA,NA
"463","HI",NA,"Schatz","Brian","Democrat","https://www.schatz.senate.gov","202-224-3934",NA,NA,NA,NA,NA,NA,NA,NA,NA
"464","IA",NA,"Grassley","Charles","Republican","https://www.grassley.senate.gov","202-224-3744",NA,NA,NA,NA,NA,NA,NA,NA,NA
"465","IA",NA,"Ernst","Joni","Republican","https://www.ernst.senate.gov","202-224-3254",NA,NA,NA,NA,NA,NA,NA,NA,NA
"466","ID",NA,"Risch","James","Republican","https://www.risch.senate.gov","202-224-2752",NA,NA,NA,NA,NA,NA,NA,NA,NA
"467","ID",NA,"Crapo","Michael","Republican","https://www.crapo.senate.gov","202-224-6142",NA,NA,NA,NA,NA,NA,NA,NA,NA
"468","IL",NA,"Durbin","Richard","Democrat","https://www.durbin.senate.gov","202-224-2152",NA,NA,NA,NA,NA,NA,NA,NA,NA
"469","IL",NA,"Duckworth","Tammy","Democrat","https://www.duckworth.senate.gov","202-224-2854",NA,NA,NA,NA,NA,NA,NA,NA,NA
"470","IN",NA,"Young","Todd","Republican","https://www.young.senate.gov","202-224-5623",NA,NA,NA,NA,NA,NA,NA,NA,NA
"471","IN",NA,"Braun","Mike","Republican","https://www.braun.senate.gov","202-224-4814",NA,NA,NA,NA,NA,NA,NA,NA,NA
"472","KS",NA,"Moran","Jerry","Republican","https://www.moran.senate.gov","202-224-6521",NA,NA,NA,NA,NA,NA,NA,NA,NA
"473","KS",NA,"Marshall","Roger","Republican","https://www.marshall.senate.gov","202-224-4774",NA,NA,NA,NA,NA,NA,NA,NA,NA
"474","KY",NA,"McConnell","Mitch","Republican","https://www.mcconnell.senate.gov","202-224-2541",NA,NA,NA,NA,NA,NA,NA,NA,NA
"475","KY",NA,"Paul","Rand","Republican","https://www.paul.senate.gov","202-224-4343",NA,NA,NA,NA,NA,NA,NA,NA,NA
"476","LA",NA,"Cassidy","Bill","Republican","https://www.cassidy.senate.gov","202-224-5824",NA,NA,NA,NA,NA,NA,NA,NA,NA
"477","LA",NA,"Kennedy","John","Republican","https://www.kennedy.senate.gov/public","202-224-4623",NA,NA,NA,NA,NA,NA,NA,NA,NA
"478","MA",NA,"Markey","Edward","Democrat","https://www.markey.senate.gov","202-224-2742",NA,NA,NA,NA,NA,NA,NA,NA,NA
"479","MA",NA,"Warren","Elizabeth","Democrat","https://www.warren.senate.gov","202-224-4543",NA,NA,NA,NA,NA,NA,NA,NA,NA
"480","MD",NA,"Cardin","Benjamin","Democrat","https://www.cardin.senate.gov","202-224-4524",NA,NA,NA,NA,NA,NA,NA,NA,NA
"481","MD",NA,"Van Hollen","Chris","Democrat","https://www.vanhollen.senate.gov","202-224-4654",NA,NA,NA,NA,NA,NA,NA,NA,NA
"482","ME",NA,"Collins","Susan","Republican","https://www.collins.senate.gov","202-224-2523",NA,NA,NA,NA,NA,NA,NA,NA,NA
"483","ME",NA,"King","Angus","Independent","https://www.king.senate.gov","202-224-5344",NA,NA,NA,NA,NA,NA,NA,NA,NA
"484","MI",NA,"Stabenow","Debbie","Democrat","https://www.stabenow.senate.gov","202-224-4822",NA,NA,NA,NA,NA,NA,NA,NA,NA
"485","MI",NA,"Peters","Gary","Democrat","https://www.peters.senate.gov","202-224-6221",NA,NA,NA,NA,NA,NA,NA,NA,NA
"486","MN",NA,"Klobuchar","Amy","Democrat","https://www.klobuchar.senate.gov","202-224-3244",NA,NA,NA,NA,NA,NA,NA,NA,NA
"487","MN",NA,"Smith","Tina","Democrat","https://www.smith.senate.gov","202-224-5641",NA,NA,NA,NA,NA,NA,NA,NA,NA
"488","MO",NA,"Hawley","Joshua","Republican","https://www.hawley.senate.gov","202-224-6154",NA,NA,NA,NA,NA,NA,NA,NA,NA
"489","MO",NA,"Schmitt","Eric","Republican","https://www.schmitt.senate.gov","202-224-5721",NA,NA,NA,NA,NA,NA,NA,NA,NA
"490","MS",NA,"Wicker","Roger","Republican","https://www.wicker.senate.gov","202-224-6253",NA,NA,NA,NA,NA,NA,NA,NA,NA
"491","MS",NA,"Hyde-Smith","Cindy","Republican","https://www.hydesmith.senate.gov","202-224-5054",NA,NA,NA,NA,NA,NA,NA,NA,NA
"492","MT",NA,"Tester","Jon","Democrat","https://www.tester.senate.gov","202-224-2644",NA,NA,NA,NA,NA,NA,NA,NA,NA
"493","MT",NA,"Daines","Steve","Republican","https://www.daines.senate.gov","202-224-2651",NA,NA,NA,NA,NA,NA,NA,NA,NA
"494","NC",NA,"Tillis","Thom","Republican","https://www.tillis.senate.gov","202-224-6342",NA,NA,NA,NA,NA,NA,NA,NA,NA
"495","NC",NA,"Budd","Ted","Republican","https://www.budd.senate.gov","202-224-3154",NA,NA,NA,NA,NA,NA,NA,NA,NA
"496","ND",NA,"Hoeven","John","Republican","https://www.hoeven.senate.gov","202-224-2551",NA,NA,NA,NA,NA,NA,NA,NA,NA
"497","ND",NA,"Cramer","Kevin","Republican","https://www.cramer.senate.gov","202-224-2043",NA,NA,NA,NA,NA,NA,NA,NA,NA
"498","NE",NA,"Fischer","Deb","Republican","https://www.fischer.senate.gov","202-224-6551",NA,NA,NA,NA,NA,NA,NA,NA,NA
"499","NE",NA,"Ricketts","Pete","Republican","https://www.ricketts.senate.gov","202-224-4224",NA,NA,NA,NA,NA,NA,NA,NA,NA
"500","NH",NA,"Shaheen","Jeanne","Democrat","https://www.shaheen.senate.gov","202-224-2841",NA,NA,NA,NA,NA,NA,NA,NA,NA
"501","NH",NA,"Hassan","Margaret","Democrat","https://www.hassan.senate.gov","202-224-3324",NA,NA,NA,NA,NA,NA,NA,NA,NA
"502","NJ",NA,"Menendez","Robert","Democrat","https://www.menendez.senate.gov","202-224-4744",NA,NA,NA,NA,NA,NA,NA,NA,NA
"503","NJ",NA,"Booker","Cory","Democrat","https://www.booker.senate.gov","202-224-3224",NA,NA,NA,NA,NA,NA,NA,NA,NA
"504","NM",NA,"Heinrich","Martin","Democrat","https://www.heinrich.senate.gov","202-224-5521",NA,NA,NA,NA,NA,NA,NA,NA,NA
"505","NM",NA,"Luján","Ben","Democrat","https://www.lujan.senate.gov","202-224-6621",NA,NA,NA,NA,NA,NA,NA,NA,NA
"506","NV",NA,"Cortez Masto","Catherine","Democrat","https://www.cortezmasto.senate.gov","202-224-3542",NA,NA,NA,NA,NA,NA,NA,NA,NA
"507","NV",NA,"Rosen","Jacky","Democrat","https://www.rosen.senate.gov","202-224-6244",NA,NA,NA,NA,NA,NA,NA,NA,NA
"508","NY",NA,"Gillibrand","Kirsten","Democrat","https://www.gillibrand.senate.gov","202-224-4451",NA,NA,NA,NA,NA,NA,NA,NA,NA
"509","NY",NA,"Schumer","Charles","Democrat","https://www.schumer.senate.gov","202-224-6542",NA,NA,NA,NA,NA,NA,NA,NA,NA
"510","OH",NA,"Brown","Sherrod","Democrat","https://www.brown.senate.gov","202-224-2315",NA,NA,NA,NA,NA,NA,NA,NA,NA
"511","OH",NA,"Vance","J.D. (James)","Republican","https://www.vance.senate.gov","202-224-3353",NA,NA,NA,NA,NA,NA,NA,NA,NA
"512","OK",NA,"Lankford","James","Republican","https://www.lankford.senate.gov","202-224-5754",NA,NA,NA,NA,NA,NA,NA,NA,NA
"513","OK",NA,"Mullin","Markwayne","Republican","https://www.mullin.senate.gov","202-224-4721",NA,NA,NA,NA,NA,NA,NA,NA,NA
"514","OR",NA,"Merkley","Jeff","Democrat","https://www.merkley.senate.gov","202-224-3753",NA,NA,NA,NA,NA,NA,NA,NA,NA
"515","OR",NA,"Wyden","Ron","Democrat","https://www.wyden.senate.gov","202-224-5244",NA,NA,NA,NA,NA,NA,NA,NA,NA
"516","PA",NA,"Casey","Robert","Democrat","https://www.casey.senate.gov","202-224-6324",NA,NA,NA,NA,NA,NA,NA,NA,NA
"517","PA",NA,"Fetterman","John","Democrat","https://www.fetterman.senate.gov","202-224-4254",NA,NA,NA,NA,NA,NA,NA,NA,NA
"518","RI",NA,"Whitehouse","Sheldon","Democrat","https://www.whitehouse.senate.gov","202-224-2921",NA,NA,NA,NA,NA,NA,NA,NA,NA
"519","RI",NA,"Reed","John","Democrat","https://www.reed.senate.gov","202-224-4642",NA,NA,NA,NA,NA,NA,NA,NA,NA
"520","SC",NA,"Graham","Lindsey","Republican","https://www.lgraham.senate.gov/public","202-224-5972",NA,NA,NA,NA,NA,NA,NA,NA,NA
"521","SC",NA,"Scott","Tim","Republican","https://www.scott.senate.gov","202-224-6121",NA,NA,NA,NA,NA,NA,NA,NA,NA
"522","SD",NA,"Thune","John","Republican","https://www.thune.senate.gov","202-224-2321",NA,NA,NA,NA,NA,NA,NA,NA,NA
"523","SD",NA,"Rounds","Mike","Republican","https://www.rounds.senate.gov","202-224-5842",NA,NA,NA,NA,NA,NA,NA,NA,NA
"524","TN",NA,"Blackburn","Marsha","Republican","https://www.blackburn.senate.gov","202-224-3344",NA,NA,NA,NA,NA,NA,NA,NA,NA
"525","TN",NA,"Hagerty","Bill","Republican","https://www.hagerty.senate.gov","202-224-4944",NA,NA,NA,NA,NA,NA,NA,NA,NA
"526","TX",NA,"Cornyn","John","Republican","https://www.cornyn.senate.gov","202-224-2934",NA,NA,NA,NA,NA,NA,NA,NA,NA
"527","TX",NA,"Cruz","Ted","Republican","https://www.cruz.senate.gov","202-224-5922",NA,NA,NA,NA,NA,NA,NA,NA,NA
"528","UT",NA,"Lee","Mike","Republican","https://www.lee.senate.gov","202-224-5444",NA,NA,NA,NA,NA,NA,NA,NA,NA
"529","UT",NA,"Romney","Mitt","Republican","https://www.romney.senate.gov","202-224-5251",NA,NA,NA,NA,NA,NA,NA,NA,NA
"530","VA",NA,"Warner","Mark","Democrat","https://www.warner.senate.gov","202-224-2023",NA,NA,NA,NA,NA,NA,NA,NA,NA
"531","VA",NA,"Kaine","Timothy","Democrat","https://www.kaine.senate.gov","202-224-4024",NA,NA,NA,NA,NA,NA,NA,NA,NA
"532","VT",NA,"Sanders","Bernard","Independent","https://www.sanders.senate.gov","202-224-5141",NA,NA,NA,NA,NA,NA,NA,NA,NA
"533","VT",NA,"Welch","Peter","Democrat","https://www.welch.senate.gov","202-224-4242",NA,NA,NA,NA,NA,NA,NA,NA,NA
"534","WA",NA,"Cantwell","Maria","Democrat","https://www.cantwell.senate.gov","202-224-3441",NA,NA,NA,NA,NA,NA,NA,NA,NA
"535","WA",NA,"Murray","Patty","Democrat","https://www.murray.senate.gov","202-224-2621",NA,NA,NA,NA,NA,NA,NA,NA,NA
"536","WI",NA,"Baldwin","Tammy","Democrat","https://www.baldwin.senate.gov","202-224-5653",NA,NA,NA,NA,NA,NA,NA,NA,NA
"537","WI",NA,"Johnson","Ron","Republican","https://www.ronjohnson.senate.gov","202-224-5323",NA,NA,NA,NA,NA,NA,NA,NA,NA
"538","WV",NA,"Manchin","Joe","Democrat","https://www.manchin.senate.gov","202-224-3954",NA,NA,NA,NA,NA,NA,NA,NA,NA
"539","WV",NA,"Capito","Shelley","Republican","https://www.capito.senate.gov","202-224-6472",NA,NA,NA,NA,NA,NA,NA,NA,NA
"540","WY",NA,"Barrasso","John","Republican","https://www.barrasso.senate.gov","202-224-6441",NA,NA,NA,NA,NA,NA,NA,NA,NA
"541","WY",NA,"Lummis","Cynthia","Republican","https://www.lummis.senate.gov","202-224-3424",NA,NA,NA,NA,NA,NA,NA,NA,NA
